# Daily weather, Cologne grid cell 50.93 N 6.91 E (Open-Meteo Historical Weather API, ERA5 / ERA5-Land reanalysis; the request
#   gave 50.94 N 6.96 E, the API returned the cell 50.931458 N 6.910714 E, elevation 62 m),
#   https://archive-api.open-meteo.com/v1/archive?latitude=50.94&longitude=6.96&start_date=2022-09-01&end_date=2026-05-31&daily=temperature_2m_max,precipitation_sum&timezone=Europe%2FBerlin,
#   CC BY 4.0 (Open-Meteo, Copernicus ERA5), retrieved 2026-09-30T11:59:59Z.
# tmax = daily maximum temperature 2 m in deg C, prcp = daily precipitation sum in mm.
# Gridded reanalysis, not a station series such as the Koeln-Bonn station.
# Covers the whole multi-season horizon (2022-09-26 .. 2026-05-17) with a margin; for InfluenzaParameterisation#weatherOutdoorFraction.
date,tmax,prcp
2022-09-01,25.0,0.0
2022-09-02,26.0,0.0
2022-09-03,25.0,2.9
2022-09-04,27.1,0.1
2022-09-05,29.2,0.0
2022-09-06,30.4,0.2
2022-09-07,25.3,4.1
2022-09-08,21.9,19.7
2022-09-09,20.6,22.4
2022-09-10,17.9,26.2
2022-09-11,20.7,0.4
2022-09-12,24.6,0.0
2022-09-13,24.3,1.0
2022-09-14,18.9,13.8
2022-09-15,18.3,1.1
2022-09-16,15.7,1.7
2022-09-17,14.6,3.4
2022-09-18,12.7,23.0
2022-09-19,15.8,4.4
2022-09-20,14.7,0.8
2022-09-21,16.8,0.0
2022-09-22,18.1,0.0
2022-09-23,18.1,0.0
2022-09-24,16.6,0.3
2022-09-25,16.3,0.3
2022-09-26,13.4,10.3
2022-09-27,12.4,5.7
2022-09-28,13.8,7.7
2022-09-29,14.6,0.0
2022-09-30,17.2,0.0
2022-10-01,17.8,11.6
2022-10-02,16.6,2.9
2022-10-03,15.7,0.0
2022-10-04,19.6,0.0
2022-10-05,21.2,0.0
2022-10-06,17.7,0.1
2022-10-07,17.9,0.0
2022-10-08,15.9,0.7
2022-10-09,16.7,0.0
2022-10-10,20.2,0.5
2022-10-11,14.0,0.0
2022-10-12,15.9,0.0
2022-10-13,16.5,0.5
2022-10-14,16.6,2.2
2022-10-15,19.3,1.4
2022-10-16,19.6,0.9
2022-10-17,22.1,4.4
2022-10-18,17.8,9.9
2022-10-19,17.0,0.0
2022-10-20,15.1,3.7
2022-10-21,18.7,5.3
2022-10-22,18.1,0.2
2022-10-23,19.7,0.7
2022-10-24,19.1,2.8
2022-10-25,17.6,0.2
2022-10-26,21.2,0.0
2022-10-27,21.1,0.0
2022-10-28,24.1,0.1
2022-10-29,22.8,0.0
2022-10-30,22.2,0.0
2022-10-31,18.6,0.0
2022-11-01,17.9,0.1
2022-11-02,15.3,2.1
2022-11-03,14.7,3.1
2022-11-04,12.2,4.2
2022-11-05,11.7,0.7
2022-11-06,12.5,1.4
2022-11-07,15.6,0.4
2022-11-08,15.2,1.2
2022-11-09,15.5,3.2
2022-11-10,15.4,0.0
2022-11-11,14.3,0.0
2022-11-12,13.4,0.0
2022-11-13,14.9,0.0
2022-11-14,8.9,1.7
2022-11-15,14.3,4.9
2022-11-16,13.2,13.0
2022-11-17,12.6,14.1
2022-11-18,11.2,8.0
2022-11-19,7.5,5.1
2022-11-20,7.2,5.2
2022-11-21,8.8,3.2
2022-11-22,8.4,2.6
2022-11-23,10.2,6.0
2022-11-24,11.4,0.2
2022-11-25,11.5,11.1
2022-11-26,10.3,0.0
2022-11-27,8.8,3.6
2022-11-28,8.0,11.3
2022-11-29,9.1,0.7
2022-11-30,7.0,0.4
2022-12-01,6.2,0.0
2022-12-02,4.4,2.0
2022-12-03,3.2,0.0
2022-12-04,3.3,0.1
2022-12-05,3.2,8.4
2022-12-06,5.2,1.6
2022-12-07,5.3,6.5
2022-12-08,4.4,0.6
2022-12-09,3.1,0.4
2022-12-10,0.6,0.0
2022-12-11,1.7,0.5
2022-12-12,1.9,0.5
2022-12-13,0.4,0.0
2022-12-14,-0.2,0.0
2022-12-15,-1.5,0.0
2022-12-16,-1.6,0.0
2022-12-17,-1.8,0.0
2022-12-18,-0.5,1.0
2022-12-19,7.2,8.5
2022-12-20,10.5,3.9
2022-12-21,10.2,3.6
2022-12-22,10.1,13.9
2022-12-23,12.3,14.9
2022-12-24,11.6,0.0
2022-12-25,11.7,14.7
2022-12-26,11.7,5.2
2022-12-27,8.4,0.0
2022-12-28,10.5,2.2
2022-12-29,11.5,5.6
2022-12-30,12.8,5.9
2022-12-31,17.2,11.6
2023-01-01,15.5,3.0
2023-01-02,13.4,9.1
2023-01-03,10.5,0.0
2023-01-04,12.5,4.3
2023-01-05,11.1,4.0
2023-01-06,11.3,1.4
2023-01-07,11.7,0.5
2023-01-08,10.9,5.4
2023-01-09,8.9,3.7
2023-01-10,8.1,4.7
2023-01-11,11.1,7.4
2023-01-12,10.6,13.7
2023-01-13,10.4,5.5
2023-01-14,11.7,6.7
2023-01-15,10.9,4.7
2023-01-16,5.7,7.2
2023-01-17,4.0,0.3
2023-01-18,3.8,0.0
2023-01-19,3.8,4.3
2023-01-20,3.0,0.6
2023-01-21,1.1,0.0
2023-01-22,2.0,1.1
2023-01-23,4.2,0.0
2023-01-24,3.8,0.0
2023-01-25,0.7,0.0
2023-01-26,3.7,1.6
2023-01-27,5.6,0.8
2023-01-28,3.0,0.0
2023-01-29,3.2,0.0
2023-01-30,6.9,2.6
2023-01-31,6.7,1.1
2023-02-01,7.4,2.0
2023-02-02,8.0,2.1
2023-02-03,9.0,2.3
2023-02-04,8.1,0.6
2023-02-05,6.5,4.7
2023-02-06,5.4,0.4
2023-02-07,4.8,0.0
2023-02-08,6.3,0.0
2023-02-09,5.2,0.0
2023-02-10,7.7,0.1
2023-02-11,7.3,0.0
2023-02-12,9.2,0.0
2023-02-13,12.5,0.0
2023-02-14,11.2,0.0
2023-02-15,12.9,0.0
2023-02-16,10.7,0.3
2023-02-17,14.2,0.6
2023-02-18,10.7,2.2
2023-02-19,9.9,4.4
2023-02-20,10.4,0.0
2023-02-21,11.5,0.0
2023-02-22,14.9,0.2
2023-02-23,9.5,3.7
2023-02-24,6.4,2.2
2023-02-25,5.8,0.8
2023-02-26,4.1,0.0
2023-02-27,6.0,0.0
2023-02-28,5.3,0.0
2023-03-01,7.7,0.0
2023-03-02,11.2,0.0
2023-03-03,4.7,0.0
2023-03-04,6.5,0.6
2023-03-05,5.3,3.3
2023-03-06,5.3,1.5
2023-03-07,5.9,13.6
2023-03-08,3.4,12.9
2023-03-09,11.5,11.0
2023-03-10,12.8,26.8
2023-03-11,5.4,0.3
2023-03-12,11.6,0.1
2023-03-13,16.3,1.3
2023-03-14,11.5,9.2
2023-03-15,7.4,4.2
2023-03-16,11.7,0.3
2023-03-17,16.5,0.2
2023-03-18,16.9,3.4
2023-03-19,14.6,7.1
2023-03-20,9.8,1.4
2023-03-21,13.0,1.4
2023-03-22,13.5,1.7
2023-03-23,14.7,3.1
2023-03-24,15.1,7.1
2023-03-25,12.5,5.6
2023-03-26,8.2,13.7
2023-03-27,7.3,2.0
2023-03-28,9.1,1.0
2023-03-29,17.0,0.3
2023-03-30,15.4,3.2
2023-03-31,14.2,8.0
2023-04-01,11.4,16.7
2023-04-02,8.7,2.7
2023-04-03,9.2,0.0
2023-04-04,8.9,0.0
2023-04-05,10.3,0.0
2023-04-06,12.1,3.1
2023-04-07,10.1,15.5
2023-04-08,11.3,1.0
2023-04-09,14.0,0.0
2023-04-10,17.1,2.8
2023-04-11,12.9,1.8
2023-04-12,12.2,11.3
2023-04-13,12.8,3.8
2023-04-14,14.5,1.2
2023-04-15,11.7,0.9
2023-04-16,13.5,0.8
2023-04-17,15.1,0.2
2023-04-18,14.7,0.3
2023-04-19,14.1,0.0
2023-04-20,11.6,6.0
2023-04-21,17.3,5.9
2023-04-22,20.3,5.0
2023-04-23,17.5,5.0
2023-04-24,11.5,4.7
2023-04-25,10.5,0.8
2023-04-26,10.2,0.4
2023-04-27,14.2,0.0
2023-04-28,17.8,10.1
2023-04-29,13.7,1.4
2023-04-30,17.8,0.0
2023-05-01,17.2,1.7
2023-05-02,12.4,0.8
2023-05-03,16.3,0.0
2023-05-04,21.3,0.0
2023-05-05,19.6,9.7
2023-05-06,19.9,2.9
2023-05-07,20.9,8.9
2023-05-08,19.8,4.1
2023-05-09,19.9,9.7
2023-05-10,16.2,15.8
2023-05-11,16.2,3.7
2023-05-12,18.9,5.0
2023-05-13,20.7,0.3
2023-05-14,19.8,0.0
2023-05-15,18.2,1.9
2023-05-16,14.0,3.0
2023-05-17,14.9,0.4
2023-05-18,18.0,0.0
2023-05-19,19.8,0.0
2023-05-20,19.1,0.0
2023-05-21,23.5,0.2
2023-05-22,22.3,2.1
2023-05-23,16.3,1.0
2023-05-24,14.5,0.5
2023-05-25,17.5,0.0
2023-05-26,18.8,0.0
2023-05-27,22.3,0.0
2023-05-28,23.7,0.0
2023-05-29,20.1,0.0
2023-05-30,20.6,0.0
2023-05-31,24.2,0.0
2023-06-01,20.9,0.0
2023-06-02,19.2,0.0
2023-06-03,22.5,0.0
2023-06-04,23.9,0.0
2023-06-05,25.9,0.0
2023-06-06,25.1,0.0
2023-06-07,21.6,8.1
2023-06-08,24.6,3.1
2023-06-09,28.3,0.0
2023-06-10,28.7,0.0
2023-06-11,29.0,0.0
2023-06-12,28.3,0.0
2023-06-13,27.1,0.0
2023-06-14,24.7,0.0
2023-06-15,25.8,0.0
2023-06-16,26.2,0.0
2023-06-17,27.4,0.0
2023-06-18,29.4,0.0
2023-06-19,27.6,0.1
2023-06-20,30.5,28.8
2023-06-21,26.3,0.3
2023-06-22,26.3,32.0
2023-06-23,24.4,7.4
2023-06-24,27.2,0.0
2023-06-25,30.4,0.0
2023-06-26,24.1,0.2
2023-06-27,22.4,0.4
2023-06-28,22.7,0.1
2023-06-29,24.1,2.1
2023-06-30,22.3,4.9
2023-07-01,22.6,1.4
2023-07-02,21.6,0.8
2023-07-03,21.5,0.2
2023-07-04,22.9,0.5
2023-07-05,20.3,3.2
2023-07-06,22.9,0.0
2023-07-07,28.2,0.0
2023-07-08,32.9,0.2
2023-07-09,33.4,1.6
2023-07-10,26.9,4.8
2023-07-11,32.1,1.0
2023-07-12,25.1,15.9
2023-07-13,23.0,1.3
2023-07-14,27.9,0.0
2023-07-15,26.1,12.7
2023-07-16,23.6,0.5
2023-07-17,23.4,0.0
2023-07-18,25.7,0.0
2023-07-19,24.1,1.5
2023-07-20,22.8,1.7
2023-07-21,21.9,3.4
2023-07-22,23.5,0.0
2023-07-23,23.0,2.3
2023-07-24,22.1,38.8
2023-07-25,19.2,0.7
2023-07-26,20.5,1.1
2023-07-27,20.4,8.8
2023-07-28,23.8,5.8
2023-07-29,22.6,12.6
2023-07-30,21.3,2.2
2023-07-31,20.8,8.7
2023-08-01,20.3,6.8
2023-08-02,23.8,10.4
2023-08-03,20.9,7.5
2023-08-04,20.1,1.8
2023-08-05,21.6,4.8
2023-08-06,17.1,16.7
2023-08-07,18.9,6.2
2023-08-08,18.3,1.8
2023-08-09,20.7,7.0
2023-08-10,22.2,0.0
2023-08-11,28.8,0.0
2023-08-12,23.8,19.9
2023-08-13,24.3,0.1
2023-08-14,26.1,1.1
2023-08-15,23.5,4.4
2023-08-16,24.9,2.5
2023-08-17,22.9,0.2
2023-08-18,28.5,0.1
2023-08-19,30.3,2.6
2023-08-20,26.9,0.0
2023-08-21,26.3,0.0
2023-08-22,25.8,0.0
2023-08-23,26.6,0.0
2023-08-24,26.7,3.3
2023-08-25,23.8,6.5
2023-08-26,22.0,9.0
2023-08-27,20.3,5.3
2023-08-28,19.2,0.7
2023-08-29,19.4,1.5
2023-08-30,19.1,5.6
2023-08-31,19.5,1.9
2023-09-01,19.7,17.5
2023-09-02,23.6,0.3
2023-09-03,22.7,0.0
2023-09-04,25.2,0.0
2023-09-05,27.5,0.0
2023-09-06,28.1,0.0
2023-09-07,28.7,0.0
2023-09-08,29.5,0.0
2023-09-09,29.7,0.0
2023-09-10,29.7,0.0
2023-09-11,30.3,0.6
2023-09-12,24.8,7.3
2023-09-13,21.4,5.9
2023-09-14,19.7,0.3
2023-09-15,22.8,0.0
2023-09-16,25.7,0.6
2023-09-17,26.6,5.3
2023-09-18,24.2,0.3
2023-09-19,20.5,0.0
2023-09-20,23.5,0.0
2023-09-21,22.3,11.8
2023-09-22,19.2,14.5
2023-09-23,17.2,0.6
2023-09-24,20.1,0.0
2023-09-25,21.4,0.0
2023-09-26,23.9,0.0
2023-09-27,24.3,0.0
2023-09-28,22.6,0.0
2023-09-29,23.3,1.1
2023-09-30,18.9,0.0
2023-10-01,24.3,0.0
2023-10-02,27.2,0.0
2023-10-03,21.3,3.8
2023-10-04,17.6,0.0
2023-10-05,17.5,0.0
2023-10-06,20.1,0.0
2023-10-07,22.1,0.0
2023-10-08,21.2,0.0
2023-10-09,21.1,0.5
2023-10-10,24.3,0.0
2023-10-11,24.6,0.0
2023-10-12,19.9,4.4
2023-10-13,24.3,4.6
2023-10-14,20.5,4.4
2023-10-15,10.8,2.9
2023-10-16,10.9,0.0
2023-10-17,13.2,0.0
2023-10-18,14.7,2.6
2023-10-19,19.4,10.4
2023-10-20,16.5,13.4
2023-10-21,16.6,5.1
2023-10-22,15.0,0.4
2023-10-23,14.5,1.0
2023-10-24,13.5,4.7
2023-10-25,11.8,10.4
2023-10-26,12.7,0.3
2023-10-27,12.9,8.8
2023-10-28,14.7,2.0
2023-10-29,16.6,8.6
2023-10-30,14.8,9.7
2023-10-31,13.6,1.8
2023-11-01,15.1,2.8
2023-11-02,14.5,1.0
2023-11-03,12.0,0.0
2023-11-04,11.0,12.3
2023-11-05,11.7,8.5
2023-11-06,13.2,0.9
2023-11-07,11.9,0.1
2023-11-08,11.3,3.4
2023-11-09,11.1,10.4
2023-11-10,10.2,2.4
2023-11-11,9.0,4.7
2023-11-12,10.1,0.1
2023-11-13,15.4,15.5
2023-11-14,13.4,6.1
2023-11-15,11.7,2.3
2023-11-16,8.7,0.8
2023-11-17,8.2,0.6
2023-11-18,11.4,10.7
2023-11-19,13.8,2.5
2023-11-20,11.9,4.5
2023-11-21,9.9,0.5
2023-11-22,5.3,0.0
2023-11-23,10.7,0.4
2023-11-24,10.4,8.9
2023-11-25,6.1,3.7
2023-11-26,6.1,2.5
2023-11-27,5.0,26.1
2023-11-28,4.7,2.8
2023-11-29,4.5,4.9
2023-11-30,4.0,0.1
2023-12-01,0.7,0.0
2023-12-02,-0.3,0.0
2023-12-03,2.5,3.0
2023-12-04,2.5,3.1
2023-12-05,6.7,13.7
2023-12-06,5.3,2.1
2023-12-07,3.9,0.1
2023-12-08,7.3,3.4
2023-12-09,10.7,6.1
2023-12-10,11.2,6.2
2023-12-11,11.0,1.0
2023-12-12,9.9,5.8
2023-12-13,9.7,4.2
2023-12-14,6.2,0.5
2023-12-15,8.7,1.7
2023-12-16,9.3,0.0
2023-12-17,9.7,0.0
2023-12-18,6.6,0.0
2023-12-19,8.3,9.1
2023-12-20,8.1,2.4
2023-12-21,10.4,8.6
2023-12-22,8.7,7.1
2023-12-23,9.3,6.9
2023-12-24,11.0,6.8
2023-12-25,12.1,4.9
2023-12-26,11.1,1.7
2023-12-27,10.3,0.6
2023-12-28,11.6,0.0
2023-12-29,11.2,2.9
2023-12-30,10.4,0.0
2023-12-31,10.1,1.4
2024-01-01,8.7,1.6
2024-01-02,11.5,21.0
2024-01-03,11.1,7.9
2024-01-04,8.5,7.0
2024-01-05,8.8,4.7
2024-01-06,6.7,2.9
2024-01-07,2.3,1.7
2024-01-08,-0.8,0.0
2024-01-09,1.0,0.0
2024-01-10,1.1,0.0
2024-01-11,1.0,0.0
2024-01-12,1.1,0.2
2024-01-13,3.3,0.0
2024-01-14,2.0,0.2
2024-01-15,2.6,3.6
2024-01-16,1.1,0.7
2024-01-17,0.6,10.2
2024-01-18,-1.5,2.4
2024-01-19,0.2,0.0
2024-01-20,-1.2,0.0
2024-01-21,4.6,0.0
2024-01-22,11.4,4.3
2024-01-23,9.9,3.9
2024-01-24,13.2,0.6
2024-01-25,9.3,0.6
2024-01-26,11.4,2.7
2024-01-27,7.7,0.0
2024-01-28,9.6,0.0
2024-01-29,13.4,0.0
2024-01-30,12.8,0.0
2024-01-31,8.1,0.0
2024-02-01,8.6,3.2
2024-02-02,8.7,0.0
2024-02-03,10.4,0.7
2024-02-04,10.8,5.0
2024-02-05,11.2,0.3
2024-02-06,10.7,0.3
2024-02-07,10.7,17.2
2024-02-08,11.5,6.8
2024-02-09,13.8,9.1
2024-02-10,12.6,3.5
2024-02-11,11.1,1.2
2024-02-12,9.1,1.1
2024-02-13,9.9,0.0
2024-02-14,13.3,6.0
2024-02-15,16.5,0.0
2024-02-16,16.1,4.8
2024-02-17,11.9,0.8
2024-02-18,10.4,4.8
2024-02-19,12.2,1.5
2024-02-20,11.5,0.0
2024-02-21,10.9,6.5
2024-02-22,12.9,14.7
2024-02-23,9.4,1.9
2024-02-24,8.2,5.1
2024-02-25,10.1,2.3
2024-02-26,7.9,10.9
2024-02-27,9.1,0.6
2024-02-28,8.8,0.0
2024-02-29,11.6,0.0
2024-03-01,11.1,0.0
2024-03-02,13.7,0.6
2024-03-03,16.7,0.2
2024-03-04,10.2,0.0
2024-03-05,9.1,3.9
2024-03-06,11.0,0.0
2024-03-07,9.1,0.0
2024-03-08,10.3,0.0
2024-03-09,14.6,0.0
2024-03-10,15.3,0.0
2024-03-11,8.9,29.4
2024-03-12,10.3,3.7
2024-03-13,13.3,6.6
2024-03-14,16.9,0.0
2024-03-15,16.7,5.8
2024-03-16,10.4,4.3
2024-03-17,15.0,0.0
2024-03-18,14.8,2.9
2024-03-19,16.6,0.0
2024-03-20,18.5,0.0
2024-03-21,12.9,0.3
2024-03-22,13.6,0.6
2024-03-23,9.2,8.5
2024-03-24,9.0,5.0
2024-03-25,11.8,0.0
2024-03-26,14.5,0.0
2024-03-27,10.3,1.2
2024-03-28,11.9,1.7
2024-03-29,14.5,2.2
2024-03-30,18.5,5.4
2024-03-31,17.6,2.7
2024-04-01,12.2,9.1
2024-04-02,12.8,6.0
2024-04-03,14.1,3.2
2024-04-04,15.0,8.7
2024-04-05,18.1,5.8
2024-04-06,24.5,0.4
2024-04-07,21.8,1.4
2024-04-08,22.0,0.5
2024-04-09,17.3,2.8
2024-04-10,14.1,0.1
2024-04-11,17.0,0.1
2024-04-12,19.1,0.0
2024-04-13,23.4,0.0
2024-04-14,16.8,0.0
2024-04-15,13.8,5.9
2024-04-16,10.4,11.1
2024-04-17,8.9,6.3
2024-04-18,11.4,2.8
2024-04-19,9.7,10.0
2024-04-20,9.6,4.1
2024-04-21,9.5,3.4
2024-04-22,9.2,2.2
2024-04-23,9.6,0.0
2024-04-24,8.3,4.8
2024-04-25,9.9,2.7
2024-04-26,13.3,0.5
2024-04-27,17.9,1.6
2024-04-28,17.7,0.9
2024-04-29,18.7,0.1
2024-04-30,23.7,0.3
2024-05-01,25.5,0.8
2024-05-02,23.8,8.7
2024-05-03,14.9,22.6
2024-05-04,17.1,5.3
2024-05-05,16.9,0.8
2024-05-06,16.1,10.5
2024-05-07,16.6,7.4
2024-05-08,16.3,2.0
2024-05-09,19.5,0.0
2024-05-10,21.7,0.0
2024-05-11,23.2,0.0
2024-05-12,24.3,0.0
2024-05-13,22.9,0.8
2024-05-14,25.0,0.0
2024-05-15,20.6,1.3
2024-05-16,20.6,10.0
2024-05-17,19.1,7.3
2024-05-18,18.9,3.0
2024-05-19,19.2,6.7
2024-05-20,19.9,1.1
2024-05-21,23.0,21.3
2024-05-22,19.1,3.0
2024-05-23,20.1,0.5
2024-05-24,17.0,13.9
2024-05-25,18.6,1.0
2024-05-26,22.4,1.3
2024-05-27,18.9,8.8
2024-05-28,19.3,5.4
2024-05-29,19.9,7.4
2024-05-30,18.6,2.2
2024-05-31,18.1,0.8
2024-06-01,19.7,3.0
2024-06-02,16.7,1.0
2024-06-03,15.4,0.7
2024-06-04,20.7,0.0
2024-06-05,16.6,4.4
2024-06-06,18.6,0.1
2024-06-07,20.2,0.0
2024-06-08,21.0,0.0
2024-06-09,18.9,0.0
2024-06-10,14.9,5.5
2024-06-11,16.1,2.8
2024-06-12,15.4,0.3
2024-06-13,18.2,0.0
2024-06-14,19.4,3.2
2024-06-15,18.6,8.1
2024-06-16,18.9,3.1
2024-06-17,20.7,2.7
2024-06-18,22.3,11.1
2024-06-19,20.3,2.1
2024-06-20,21.5,5.5
2024-06-21,24.8,50.8
2024-06-22,20.1,2.6
2024-06-23,22.7,0.3
2024-06-24,25.5,0.0
2024-06-25,27.7,0.0
2024-06-26,28.4,0.0
2024-06-27,28.8,0.3
2024-06-28,21.7,2.4
2024-06-29,25.7,0.7
2024-06-30,21.0,12.3
2024-07-01,18.5,5.0
2024-07-02,16.0,7.7
2024-07-03,15.4,2.7
2024-07-04,19.4,1.8
2024-07-05,19.4,1.3
2024-07-06,23.8,0.6
2024-07-07,20.8,0.0
2024-07-08,22.4,0.0
2024-07-09,29.9,0.1
2024-07-10,26.4,5.6
2024-07-11,23.5,1.3
2024-07-12,23.3,6.2
2024-07-13,18.9,0.6
2024-07-14,22.8,0.3
2024-07-15,26.5,0.3
2024-07-16,22.0,6.7
2024-07-17,23.2,0.8
2024-07-18,26.7,0.0
2024-07-19,27.6,0.0
2024-07-20,31.2,0.0
2024-07-21,25.4,1.8
2024-07-22,23.7,0.7
2024-07-23,23.6,5.3
2024-07-24,21.4,2.7
2024-07-25,24.7,0.0
2024-07-26,24.8,8.0
2024-07-27,23.0,17.8
2024-07-28,23.2,0.3
2024-07-29,26.2,0.0
2024-07-30,29.9,0.0
2024-07-31,24.2,0.2
2024-08-01,26.7,18.8
2024-08-02,24.6,0.5
2024-08-03,24.0,1.9
2024-08-04,21.2,2.4
2024-08-05,26.1,0.0
2024-08-06,28.6,0.0
2024-08-07,23.1,0.4
2024-08-08,23.4,0.0
2024-08-09,25.9,0.7
2024-08-10,25.8,0.0
2024-08-11,27.2,0.0
2024-08-12,33.0,0.0
2024-08-13,32.2,1.5
2024-08-14,27.1,10.8
2024-08-15,27.5,0.0
2024-08-16,25.9,1.0
2024-08-17,23.8,7.9
2024-08-18,22.4,7.0
2024-08-19,22.5,0.0
2024-08-20,26.0,0.1
2024-08-21,19.8,1.0
2024-08-22,24.3,0.0
2024-08-23,25.4,0.0
2024-08-24,30.3,10.6
2024-08-25,20.2,3.9
2024-08-26,21.8,0.0
2024-08-27,25.2,0.0
2024-08-28,29.8,0.0
2024-08-29,29.1,0.0
2024-08-30,23.3,0.7
2024-08-31,27.7,0.9
2024-09-01,31.1,0.1
2024-09-02,26.7,3.5
2024-09-03,26.7,4.6
2024-09-04,19.8,18.5
2024-09-05,29.6,0.1
2024-09-06,24.2,1.0
2024-09-07,27.9,0.0
2024-09-08,22.7,0.5
2024-09-09,18.2,14.7
2024-09-10,18.8,1.6
2024-09-11,15.5,8.8
2024-09-12,14.5,1.6
2024-09-13,15.6,3.5
2024-09-14,15.6,0.0
2024-09-15,17.3,0.0
2024-09-16,20.0,0.3
2024-09-17,20.3,0.0
2024-09-18,24.2,0.1
2024-09-19,23.4,0.2
2024-09-20,23.5,0.0
2024-09-21,23.7,0.0
2024-09-22,24.1,0.0
2024-09-23,21.3,0.9
2024-09-24,20.0,15.0
2024-09-25,17.2,15.9
2024-09-26,19.5,16.2
2024-09-27,16.7,1.8
2024-09-28,13.6,1.3
2024-09-29,14.1,0.0
2024-09-30,16.8,3.9
2024-10-01,16.1,2.7
2024-10-02,14.5,1.2
2024-10-03,13.2,0.0
2024-10-04,14.6,0.2
2024-10-05,15.0,0.0
2024-10-06,15.4,0.0
2024-10-07,19.5,3.8
2024-10-08,19.1,1.2
2024-10-09,16.0,25.3
2024-10-10,16.5,19.9
2024-10-11,12.6,3.7
2024-10-12,13.6,0.4
2024-10-13,12.2,0.6
2024-10-14,12.4,3.7
2024-10-15,14.7,0.0
2024-10-16,19.1,0.2
2024-10-17,21.3,2.9
2024-10-18,18.6,13.5
2024-10-19,17.3,9.3
2024-10-20,18.1,0.1
2024-10-21,19.0,2.3
2024-10-22,16.5,0.3
2024-10-23,15.4,0.6
2024-10-24,16.3,0.0
2024-10-25,20.3,0.0
2024-10-26,17.9,0.0
2024-10-27,15.8,0.3
2024-10-28,17.6,0.1
2024-10-29,16.0,0.2
2024-10-30,14.4,0.4
2024-10-31,15.3,0.0
2024-11-01,12.8,0.1
2024-11-02,13.0,0.3
2024-11-03,12.9,0.0
2024-11-04,13.3,0.0
2024-11-05,11.5,0.0
2024-11-06,11.0,0.0
2024-11-07,8.9,0.0
2024-11-08,8.2,0.0
2024-11-09,11.4,0.0
2024-11-10,11.5,0.0
2024-11-11,11.0,5.0
2024-11-12,10.5,3.0
2024-11-13,8.6,0.5
2024-11-14,10.7,1.8
2024-11-15,9.2,0.7
2024-11-16,8.6,0.0
2024-11-17,9.0,2.0
2024-11-18,7.9,8.0
2024-11-19,11.8,22.1
2024-11-20,3.8,2.5
2024-11-21,3.5,1.6
2024-11-22,4.6,0.8
2024-11-23,8.2,0.2
2024-11-24,16.5,3.5
2024-11-25,16.5,5.5
2024-11-26,11.5,0.1
2024-11-27,11.8,13.4
2024-11-28,8.5,0.4
2024-11-29,6.5,0.0
2024-11-30,6.4,0.0
2024-12-01,6.2,0.0
2024-12-02,11.6,0.0
2024-12-03,7.6,0.9
2024-12-04,5.2,0.6
2024-12-05,7.4,8.1
2024-12-06,9.7,14.9
2024-12-07,10.4,4.9
2024-12-08,7.7,4.7
2024-12-09,6.1,0.4
2024-12-10,6.2,0.0
2024-12-11,4.5,0.0
2024-12-12,3.0,0.0
2024-12-13,2.8,0.0
2024-12-14,4.5,0.1
2024-12-15,9.3,0.0
2024-12-16,10.8,1.0
2024-12-17,9.3,0.4
2024-12-18,12.5,0.0
2024-12-19,13.4,19.1
2024-12-20,5.4,3.3
2024-12-21,9.5,5.0
2024-12-22,9.8,4.6
2024-12-23,7.1,2.8
2024-12-24,5.2,1.4
2024-12-25,7.7,1.0
2024-12-26,7.7,0.0
2024-12-27,6.0,0.0
2024-12-28,4.0,0.0
2024-12-29,1.5,0.0
2024-12-30,3.7,0.0
2024-12-31,2.7,0.0
2025-01-01,7.2,0.8
2025-01-02,6.7,15.8
2025-01-03,3.1,1.4
2025-01-04,3.3,1.9
2025-01-05,10.9,16.5
2025-01-06,13.4,9.1
2025-01-07,5.8,3.2
2025-01-08,4.7,8.8
2025-01-09,1.8,13.2
2025-01-10,2.2,1.9
2025-01-11,0.7,0.4
2025-01-12,3.1,0.0
2025-01-13,1.0,0.0
2025-01-14,2.2,0.1
2025-01-15,3.1,0.6
2025-01-16,4.1,0.0
2025-01-17,3.1,0.0
2025-01-18,4.2,0.0
2025-01-19,4.6,0.0
2025-01-20,0.7,0.0
2025-01-21,4.4,0.0
2025-01-22,5.7,0.7
2025-01-23,5.6,10.2
2025-01-24,9.5,5.6
2025-01-25,12.5,6.3
2025-01-26,6.3,5.2
2025-01-27,12.3,3.8
2025-01-28,10.7,0.0
2025-01-29,9.5,2.5
2025-01-30,7.6,8.4
2025-01-31,7.0,0.0
2025-02-01,5.1,0.0
2025-02-02,5.3,0.0
2025-02-03,5.4,0.0
2025-02-04,3.9,0.0
2025-02-05,6.2,0.3
2025-02-06,5.9,0.5
2025-02-07,5.2,0.1
2025-02-08,8.2,0.1
2025-02-09,5.6,0.8
2025-02-10,5.5,3.7
2025-02-11,6.6,0.9
2025-02-12,6.1,0.1
2025-02-13,3.0,1.8
2025-02-14,2.9,0.0
2025-02-15,2.9,0.0
2025-02-16,4.2,0.6
2025-02-17,3.4,0.0
2025-02-18,3.8,0.0
2025-02-19,4.8,0.0
2025-02-20,12.1,0.3
2025-02-21,15.8,0.2
2025-02-22,14.7,0.2
2025-02-23,14.8,0.1
2025-02-24,12.5,0.5
2025-02-25,11.9,0.4
2025-02-26,10.3,2.8
2025-02-27,8.7,9.5
2025-02-28,6.3,3.4
2025-03-01,6.9,0.2
2025-03-02,9.1,0.0
2025-03-03,10.4,0.0
2025-03-04,11.9,0.0
2025-03-05,14.6,0.0
2025-03-06,18.4,0.0
2025-03-07,18.2,0.0
2025-03-08,18.2,0.0
2025-03-09,17.8,0.0
2025-03-10,16.9,0.0
2025-03-11,7.4,0.4
2025-03-12,7.2,0.0
2025-03-13,7.1,0.8
2025-03-14,6.4,0.6
2025-03-15,7.9,0.0
2025-03-16,9.5,0.0
2025-03-17,10.0,0.1
2025-03-18,10.4,0.0
2025-03-19,16.1,0.0
2025-03-20,17.6,0.1
2025-03-21,21.0,0.0
2025-03-22,17.3,0.4
2025-03-23,16.2,17.0
2025-03-24,15.9,1.9
2025-03-25,12.7,0.1
2025-03-26,10.4,1.0
2025-03-27,13.9,0.0
2025-03-28,16.5,0.0
2025-03-29,13.2,0.1
2025-03-30,13.6,0.8
2025-03-31,11.4,0.4
2025-04-01,13.6,0.0
2025-04-02,18.1,0.0
2025-04-03,20.4,0.0
2025-04-04,22.9,0.0
2025-04-05,19.2,0.0
2025-04-06,12.3,0.0
2025-04-07,13.7,0.0
2025-04-08,16.5,0.0
2025-04-09,16.4,0.0
2025-04-10,12.7,0.0
2025-04-11,18.0,0.0
2025-04-12,23.0,0.0
2025-04-13,19.5,4.1
2025-04-14,20.7,0.3
2025-04-15,21.7,3.5
2025-04-16,13.4,4.1
2025-04-17,10.5,6.5
2025-04-18,11.4,9.8
2025-04-19,15.9,0.0
2025-04-20,19.8,2.1
2025-04-21,17.4,0.8
2025-04-22,16.9,0.7
2025-04-23,17.0,11.1
2025-04-24,11.9,20.0
2025-04-25,15.2,2.2
2025-04-26,19.2,0.0
2025-04-27,20.1,0.0
2025-04-28,20.8,0.0
2025-04-29,22.8,0.0
2025-04-30,24.6,0.0
2025-05-01,27.4,0.0
2025-05-02,27.0,0.3
2025-05-03,19.0,11.6
2025-05-04,13.9,0.2
2025-05-05,14.4,0.0
2025-05-06,17.6,0.0
2025-05-07,17.0,0.0
2025-05-08,17.6,0.0
2025-05-09,19.6,0.0
2025-05-10,22.1,0.0
2025-05-11,24.9,0.0
2025-05-12,24.0,0.0
2025-05-13,23.9,0.0
2025-05-14,24.0,0.0
2025-05-15,20.1,0.0
2025-05-16,20.3,0.0
2025-05-17,19.1,0.2
2025-05-18,17.8,0.7
2025-05-19,23.3,0.0
2025-05-20,23.3,0.0
2025-05-21,21.2,0.0
2025-05-22,17.6,1.4
2025-05-23,14.7,0.8
2025-05-24,15.5,8.4
2025-05-25,19.9,3.2
2025-05-26,18.4,0.4
2025-05-27,19.7,2.2
2025-05-28,19.4,14.6
2025-05-29,19.0,0.8
2025-05-30,24.8,0.0
2025-05-31,26.0,3.8
2025-06-01,21.1,10.1
2025-06-02,20.3,0.2
2025-06-03,24.1,0.0
2025-06-04,24.0,1.2
2025-06-05,20.2,1.7
2025-06-06,20.4,8.5
2025-06-07,19.2,0.8
2025-06-08,15.9,7.0
2025-06-09,18.8,0.2
2025-06-10,20.7,0.3
2025-06-11,21.6,0.0
2025-06-12,28.0,0.0
2025-06-13,32.7,0.0
2025-06-14,34.3,4.1
2025-06-15,22.4,2.0
2025-06-16,24.1,0.0
2025-06-17,27.5,0.0
2025-06-18,27.1,0.0
2025-06-19,26.4,0.0
2025-06-20,27.8,0.0
2025-06-21,31.6,0.0
2025-06-22,35.9,0.1
2025-06-23,24.1,1.1
2025-06-24,25.2,0.3
2025-06-25,29.6,0.0
2025-06-26,25.2,25.0
2025-06-27,22.5,0.6
2025-06-28,27.9,0.0
2025-06-29,28.6,0.0
2025-06-30,32.3,0.0
2025-07-01,35.6,0.0
2025-07-02,38.2,0.2
2025-07-03,23.3,0.4
2025-07-04,25.0,0.0
2025-07-05,27.5,0.0
2025-07-06,20.4,13.4
2025-07-07,18.9,11.5
2025-07-08,18.4,0.6
2025-07-09,21.1,0.4
2025-07-10,23.8,0.0
2025-07-11,22.8,0.6
2025-07-12,24.8,0.0
2025-07-13,24.0,0.4
2025-07-14,25.5,1.7
2025-07-15,22.9,8.0
2025-07-16,21.9,13.2
2025-07-17,23.4,0.2
2025-07-18,26.6,0.0
2025-07-19,31.8,2.0
2025-07-20,29.5,7.7
2025-07-21,24.8,2.6
2025-07-22,23.3,1.8
2025-07-23,23.5,0.0
2025-07-24,22.6,0.8
2025-07-25,24.5,1.3
2025-07-26,25.1,0.7
2025-07-27,21.9,12.9
2025-07-28,21.6,2.8
2025-07-29,21.2,5.0
2025-07-30,21.0,1.4
2025-07-31,22.5,8.5
2025-08-01,19.9,5.3
2025-08-02,19.4,13.8
2025-08-03,21.7,0.7
2025-08-04,25.3,1.8
2025-08-05,21.6,3.4
2025-08-06,22.4,0.0
2025-08-07,26.3,0.0
2025-08-08,25.9,0.0
2025-08-09,28.0,0.0
2025-08-10,25.9,0.0
2025-08-11,29.1,0.0
2025-08-12,32.2,0.0
2025-08-13,34.7,0.0
2025-08-14,33.6,0.0
2025-08-15,29.7,0.0
2025-08-16,23.3,0.0
2025-08-17,22.0,0.0
2025-08-18,26.5,0.0
2025-08-19,29.7,0.0
2025-08-20,25.1,0.0
2025-08-21,24.5,0.0
2025-08-22,19.7,0.3
2025-08-23,19.6,1.4
2025-08-24,20.8,0.0
2025-08-25,22.9,0.0
2025-08-26,30.1,0.0
2025-08-27,27.7,0.4
2025-08-28,24.4,4.7
2025-08-29,22.8,3.4
2025-08-30,22.1,0.2
2025-08-31,24.5,0.6
2025-09-01,21.6,21.9
2025-09-02,21.5,0.0
2025-09-03,24.1,4.6
2025-09-04,23.3,0.0
2025-09-05,20.6,3.5
2025-09-06,22.7,0.0
2025-09-07,25.8,0.0
2025-09-08,22.5,17.0
2025-09-09,17.4,22.0
2025-09-10,20.2,0.2
2025-09-11,19.2,22.5
2025-09-12,18.4,0.8
2025-09-13,19.1,3.6
2025-09-14,19.5,2.9
2025-09-15,20.0,8.7
2025-09-16,17.6,0.7
2025-09-17,18.3,0.5
2025-09-18,23.0,0.0
2025-09-19,26.4,0.0
2025-09-20,27.8,0.8
2025-09-21,20.8,5.7
2025-09-22,15.7,0.0
2025-09-23,16.3,0.0
2025-09-24,16.3,0.1
2025-09-25,12.1,5.8
2025-09-26,16.9,0.2
2025-09-27,17.0,0.1
2025-09-28,18.3,0.0
2025-09-29,18.3,0.9
2025-09-30,15.7,1.1
2025-10-01,15.9,0.0
2025-10-02,15.3,0.0
2025-10-03,14.0,1.8
2025-10-04,16.9,15.7
2025-10-05,13.8,1.0
2025-10-06,13.8,0.6
2025-10-07,17.5,0.9
2025-10-08,15.4,0.8
2025-10-09,14.7,0.0
2025-10-10,16.7,0.2
2025-10-11,14.9,0.9
2025-10-12,15.2,0.6
2025-10-13,15.8,0.4
2025-10-14,14.0,0.1
2025-10-15,14.5,0.3
2025-10-16,14.1,0.9
2025-10-17,14.1,1.0
2025-10-18,13.1,0.2
2025-10-19,14.5,0.2
2025-10-20,17.0,6.0
2025-10-21,15.8,0.7
2025-10-22,15.0,1.3
2025-10-23,15.3,13.1
2025-10-24,11.0,9.0
2025-10-25,11.2,12.2
2025-10-26,9.6,3.6
2025-10-27,10.2,10.6
2025-10-28,13.7,5.9
2025-10-29,15.2,0.6
2025-10-30,13.1,5.5
2025-10-31,13.5,0.0
2025-11-01,15.2,4.1
2025-11-02,14.6,1.6
2025-11-03,13.1,0.0
2025-11-04,16.2,0.0
2025-11-05,14.9,0.0
2025-11-06,14.1,0.0
2025-11-07,13.5,0.0
2025-11-08,11.4,1.0
2025-11-09,12.9,4.1
2025-11-10,11.4,0.6
2025-11-11,14.0,1.2
2025-11-12,14.8,0.0
2025-11-13,18.1,0.0
2025-11-14,16.4,0.0
2025-11-15,14.1,2.3
2025-11-16,12.1,3.0
2025-11-17,6.3,2.9
2025-11-18,7.4,1.0
2025-11-19,5.9,9.0
2025-11-20,4.8,4.8
2025-11-21,4.3,0.7
2025-11-22,4.5,0.0
2025-11-23,3.5,1.6
2025-11-24,7.3,3.8
2025-11-25,6.3,1.2
2025-11-26,4.9,0.6
2025-11-27,5.6,2.0
2025-11-28,8.5,4.9
2025-11-29,10.9,0.3
2025-11-30,10.5,2.2
2025-12-01,7.2,0.0
2025-12-02,6.0,7.1
2025-12-03,7.0,1.9
2025-12-04,6.4,3.5
2025-12-05,7.8,1.6
2025-12-06,9.7,9.6
2025-12-07,12.9,16.1
2025-12-08,15.6,8.8
2025-12-09,13.5,1.9
2025-12-10,12.5,2.8
2025-12-11,10.3,0.0
2025-12-12,10.6,0.0
2025-12-13,8.3,0.1
2025-12-14,7.9,0.0
2025-12-15,8.4,0.0
2025-12-16,9.0,0.0
2025-12-17,9.6,0.3
2025-12-18,11.4,0.0
2025-12-19,12.7,0.4
2025-12-20,8.5,0.1
2025-12-21,11.5,0.3
2025-12-22,6.8,0.0
2025-12-23,5.6,0.0
2025-12-24,4.2,0.0
2025-12-25,2.4,0.0
2025-12-26,3.5,0.0
2025-12-27,3.2,0.0
2025-12-28,4.2,0.0
2025-12-29,2.1,0.2
2025-12-30,2.4,0.0
2025-12-31,3.0,0.3
2026-01-01,3.7,0.4
2026-01-02,3.1,4.8
2026-01-03,1.9,3.0
2026-01-04,0.8,1.2
2026-01-05,0.7,3.3
2026-01-06,1.9,0.1
2026-01-07,0.1,0.7
2026-01-08,4.4,2.2
2026-01-09,5.8,12.3
2026-01-10,2.0,4.2
2026-01-11,1.1,0.0
2026-01-12,6.5,7.4
2026-01-13,10.8,0.3
2026-01-14,9.6,3.8
2026-01-15,11.8,0.3
2026-01-16,10.9,1.6
2026-01-17,10.2,0.0
2026-01-18,4.6,0.0
2026-01-19,3.4,2.6
2026-01-20,4.8,0.0
2026-01-21,5.7,0.0
2026-01-22,5.4,0.4
2026-01-23,6.7,0.5
2026-01-24,5.2,1.9
2026-01-25,1.4,0.0
2026-01-26,0.2,0.1
2026-01-27,4.3,5.9
2026-01-28,5.2,2.3
2026-01-29,1.9,2.8
2026-01-30,4.9,0.0
2026-01-31,7.4,2.7
2026-02-01,8.7,0.1
2026-02-02,6.2,1.3
2026-02-03,3.6,4.2
2026-02-04,8.6,0.0
2026-02-05,6.2,0.4
2026-02-06,5.7,2.3
2026-02-07,12.1,3.9
2026-02-08,7.4,0.0
2026-02-09,7.5,0.0
2026-02-10,10.6,1.9
2026-02-11,11.9,8.5
2026-02-12,9.4,19.3
2026-02-13,7.7,1.4
2026-02-14,3.1,0.0
2026-02-15,4.3,6.4
2026-02-16,7.1,10.6
2026-02-17,5.3,11.1
2026-02-18,5.7,0.0
2026-02-19,5.2,5.9
2026-02-20,6.6,1.1
2026-02-21,10.2,4.7
2026-02-22,13.1,9.9
2026-02-23,11.5,3.2
2026-02-24,11.8,5.0
2026-02-25,16.0,0.0
2026-02-26,18.9,0.0
2026-02-27,19.1,0.0
2026-02-28,13.8,0.2
2026-03-01,13.6,0.0
2026-03-02,15.7,0.0
2026-03-03,17.0,0.0
2026-03-04,16.6,0.0
2026-03-05,16.0,0.0
2026-03-06,17.4,0.0
2026-03-07,16.8,0.0
2026-03-08,18.0,0.0
2026-03-09,17.6,0.0
2026-03-10,15.7,8.4
2026-03-11,11.3,5.7
2026-03-12,12.8,0.0
2026-03-13,11.4,11.5
2026-03-14,5.3,10.0
2026-03-15,9.7,0.0
2026-03-16,9.2,6.6
2026-03-17,11.9,0.7
2026-03-18,14.3,0.0
2026-03-19,16.0,0.0
2026-03-20,14.6,0.0
2026-03-21,14.4,0.0
2026-03-22,14.8,0.0
2026-03-23,15.6,0.0
2026-03-24,17.2,0.0
2026-03-25,11.5,2.0
2026-03-26,6.3,3.4
2026-03-27,9.6,0.0
2026-03-28,9.0,13.2
2026-03-29,10.5,0.4
2026-03-30,9.8,8.5
2026-03-31,9.8,0.4
2026-04-01,11.7,0.0
2026-04-02,10.6,0.8
2026-04-03,13.6,0.0
2026-04-04,15.4,2.2
2026-04-05,14.2,0.6
2026-04-06,13.5,0.0
2026-04-07,17.1,0.0
2026-04-08,19.4,0.0
2026-04-09,20.3,0.0
2026-04-10,13.5,1.3
2026-04-11,19.7,7.5
2026-04-12,13.1,0.0
2026-04-13,10.0,2.9
2026-04-14,14.5,0.0
2026-04-15,18.9,0.0
2026-04-16,17.8,3.1
2026-04-17,19.5,0.0
2026-04-18,19.5,1.7
2026-04-19,13.6,5.4
2026-04-20,12.2,0.4
2026-04-21,14.2,0.0
2026-04-22,16.6,0.0
2026-04-23,17.3,0.0
2026-04-24,16.4,0.0
2026-04-25,16.4,0.0
2026-04-26,17.1,0.0
2026-04-27,19.5,0.0
2026-04-28,21.5,0.0
2026-04-29,19.9,0.0
2026-04-30,19.5,0.0
2026-05-01,23.4,0.0
2026-05-02,24.9,1.5
2026-05-03,21.8,1.6
2026-05-04,20.1,5.1
2026-05-05,17.5,10.4
2026-05-06,11.3,12.3
2026-05-07,15.3,0.0
2026-05-08,17.4,0.0
2026-05-09,19.9,0.0
2026-05-10,19.5,0.0
2026-05-11,13.2,13.5
2026-05-12,11.4,1.6
2026-05-13,14.0,7.9
2026-05-14,12.3,3.0
2026-05-15,12.8,2.3
2026-05-16,13.7,0.8
2026-05-17,15.8,2.8
2026-05-18,16.3,8.6
2026-05-19,17.1,2.1
2026-05-20,18.3,4.1
2026-05-21,21.0,0.0
2026-05-22,25.9,0.0
2026-05-23,28.7,0.0
2026-05-24,27.7,0.0
2026-05-25,28.6,0.0
2026-05-26,31.3,0.0
2026-05-27,26.8,0.0
2026-05-28,25.9,0.0
2026-05-29,31.5,8.6
2026-05-30,26.9,0.5
2026-05-31,25.7,0.1
