# Daily weather, Berlin grid cell 52.48 N 13.38 E (Open-Meteo Historical Weather API, ERA5 / ERA5-Land reanalysis; the request gave
#   52.47 N 13.40 E, the API returned the cell 52.47803 N 13.3829 E, elevation 47 m),
#   https://archive-api.open-meteo.com/v1/archive?latitude=52.47&longitude=13.40&start_date=2022-09-01&end_date=2026-05-31&daily=temperature_2m_max,precipitation_sum&timezone=Europe%2FBerlin,
#   CC BY 4.0 (Open-Meteo, Copernicus ERA5), retrieved 2026-10-01.
# tmax = daily maximum temperature 2 m in deg C, prcp = daily precipitation sum in mm.
# Gridded reanalysis, not a station series. Covers the whole multi-season horizon (2022-09-26 .. 2026-05-17) with a margin.
date,tmax,prcp
2022-09-01,20.5,0.0
2022-09-02,20.7,0.0
2022-09-03,21.4,0.0
2022-09-04,23.8,0.0
2022-09-05,24.1,0.0
2022-09-06,22.0,0.0
2022-09-07,25.6,1.1
2022-09-08,19.8,13.4
2022-09-09,21.1,0.1
2022-09-10,21.2,0.3
2022-09-11,19.6,1.3
2022-09-12,20.4,0.1
2022-09-13,20.2,2.9
2022-09-14,18.6,0.0
2022-09-15,17.8,0.3
2022-09-16,16.6,2.4
2022-09-17,15.1,5.1
2022-09-18,14.5,7.7
2022-09-19,15.4,2.5
2022-09-20,15.4,5.4
2022-09-21,16.3,0.5
2022-09-22,15.9,0.0
2022-09-23,16.6,0.0
2022-09-24,16.6,0.5
2022-09-25,17.5,0.7
2022-09-26,16.5,0.1
2022-09-27,12.6,5.5
2022-09-28,12.0,2.0
2022-09-29,13.9,0.2
2022-09-30,16.3,0.1
2022-10-01,13.6,3.2
2022-10-02,15.9,0.4
2022-10-03,15.4,0.0
2022-10-04,17.3,0.1
2022-10-05,19.1,0.0
2022-10-06,17.6,0.6
2022-10-07,17.3,0.0
2022-10-08,16.1,0.6
2022-10-09,15.6,0.0
2022-10-10,17.0,0.0
2022-10-11,15.1,0.0
2022-10-12,15.3,0.0
2022-10-13,16.6,0.0
2022-10-14,16.6,0.2
2022-10-15,17.8,3.7
2022-10-16,20.2,0.2
2022-10-17,24.1,0.0
2022-10-18,16.6,15.3
2022-10-19,13.8,0.0
2022-10-20,13.7,0.0
2022-10-21,15.7,0.5
2022-10-22,18.6,0.6
2022-10-23,18.2,0.0
2022-10-24,19.7,1.2
2022-10-25,16.4,0.2
2022-10-26,17.1,0.0
2022-10-27,19.5,0.0
2022-10-28,21.9,0.0
2022-10-29,19.7,0.0
2022-10-30,20.9,0.0
2022-10-31,17.1,0.0
2022-11-01,17.5,0.8
2022-11-02,15.1,0.3
2022-11-03,12.6,0.0
2022-11-04,11.0,3.6
2022-11-05,11.7,3.0
2022-11-06,11.3,0.0
2022-11-07,14.0,0.4
2022-11-08,15.9,0.0
2022-11-09,14.8,0.2
2022-11-10,13.5,0.1
2022-11-11,12.9,0.0
2022-11-12,12.1,0.0
2022-11-13,10.9,0.0
2022-11-14,10.9,0.0
2022-11-15,12.4,0.0
2022-11-16,7.0,1.0
2022-11-17,5.5,3.0
2022-11-18,2.2,1.1
2022-11-19,2.0,0.8
2022-11-20,0.6,0.5
2022-11-21,1.0,0.6
2022-11-22,2.6,0.0
2022-11-23,6.5,0.0
2022-11-24,4.4,0.0
2022-11-25,6.8,3.2
2022-11-26,8.3,2.0
2022-11-27,7.1,0.0
2022-11-28,5.3,0.0
2022-11-29,5.1,0.4
2022-11-30,5.2,1.7
2022-12-01,0.8,0.8
2022-12-02,1.8,2.1
2022-12-03,-0.4,0.6
2022-12-04,2.3,0.0
2022-12-05,3.3,1.8
2022-12-06,2.9,1.4
2022-12-07,3.7,0.7
2022-12-08,3.3,2.0
2022-12-09,1.0,0.0
2022-12-10,-0.6,0.0
2022-12-11,-1.3,0.7
2022-12-12,0.0,1.1
2022-12-13,-1.3,0.1
2022-12-14,-2.1,0.0
2022-12-15,-1.9,0.0
2022-12-16,-1.6,0.0
2022-12-17,-1.5,0.0
2022-12-18,-2.5,0.0
2022-12-19,3.3,8.5
2022-12-20,7.7,0.0
2022-12-21,7.1,2.5
2022-12-22,7.3,1.4
2022-12-23,6.7,6.5
2022-12-24,7.8,11.1
2022-12-25,8.4,6.4
2022-12-26,10.2,1.5
2022-12-27,5.8,0.3
2022-12-28,7.5,2.1
2022-12-29,12.5,1.9
2022-12-30,8.6,0.4
2022-12-31,16.8,3.6
2023-01-01,15.9,0.0
2023-01-02,14.5,1.7
2023-01-03,8.9,0.0
2023-01-04,10.1,10.0
2023-01-05,9.7,3.3
2023-01-06,10.3,0.5
2023-01-07,10.4,0.1
2023-01-08,8.4,1.2
2023-01-09,8.2,4.0
2023-01-10,7.6,0.0
2023-01-11,8.2,7.9
2023-01-12,9.9,3.4
2023-01-13,10.2,3.9
2023-01-14,8.1,7.5
2023-01-15,9.2,6.1
2023-01-16,6.9,0.0
2023-01-17,4.4,0.7
2023-01-18,1.7,1.5
2023-01-19,2.0,0.0
2023-01-20,1.9,0.2
2023-01-21,2.9,4.8
2023-01-22,1.7,1.5
2023-01-23,2.5,0.0
2023-01-24,2.2,0.0
2023-01-25,1.9,0.1
2023-01-26,0.4,0.0
2023-01-27,3.2,0.3
2023-01-28,1.8,0.1
2023-01-29,2.5,0.2
2023-01-30,5.3,4.0
2023-01-31,5.6,4.9
2023-02-01,5.8,4.8
2023-02-02,5.9,0.9
2023-02-03,8.1,8.7
2023-02-04,3.9,0.0
2023-02-05,1.4,0.0
2023-02-06,0.8,0.8
2023-02-07,1.0,0.0
2023-02-08,1.5,0.0
2023-02-09,3.0,0.0
2023-02-10,5.8,0.0
2023-02-11,7.7,0.4
2023-02-12,7.9,0.0
2023-02-13,7.6,0.2
2023-02-14,7.2,0.0
2023-02-15,8.2,0.0
2023-02-16,10.5,0.0
2023-02-17,12.2,3.8
2023-02-18,10.0,10.7
2023-02-19,7.0,2.8
2023-02-20,9.8,0.6
2023-02-21,11.1,1.7
2023-02-22,10.2,0.0
2023-02-23,11.3,0.3
2023-02-24,7.2,2.6
2023-02-25,3.8,6.6
2023-02-26,3.0,1.4
2023-02-27,3.9,0.7
2023-02-28,4.7,0.0
2023-03-01,7.1,0.0
2023-03-02,5.8,0.0
2023-03-03,3.8,0.0
2023-03-04,6.0,0.6
2023-03-05,4.0,0.7
2023-03-06,3.6,3.4
2023-03-07,4.8,3.8
2023-03-08,3.5,1.5
2023-03-09,2.2,5.6
2023-03-10,10.6,10.4
2023-03-11,3.4,9.2
2023-03-12,6.2,1.3
2023-03-13,15.5,5.1
2023-03-14,13.8,6.4
2023-03-15,6.4,0.3
2023-03-16,8.7,0.0
2023-03-17,13.4,0.0
2023-03-18,17.5,0.1
2023-03-19,15.3,7.7
2023-03-20,11.7,1.2
2023-03-21,11.3,1.7
2023-03-22,16.0,1.5
2023-03-23,15.0,3.8
2023-03-24,16.0,2.0
2023-03-25,12.0,1.7
2023-03-26,10.9,1.7
2023-03-27,6.1,1.0
2023-03-28,7.3,0.3
2023-03-29,10.6,0.0
2023-03-30,16.6,4.3
2023-03-31,13.2,6.9
2023-04-01,9.7,5.7
2023-04-02,7.6,0.2
2023-04-03,3.9,0.0
2023-04-04,5.7,0.0
2023-04-05,7.7,1.1
2023-04-06,10.1,0.0
2023-04-07,5.8,1.3
2023-04-08,11.7,0.4
2023-04-09,12.5,0.0
2023-04-10,15.5,0.0
2023-04-11,12.2,5.4
2023-04-12,14.7,2.2
2023-04-13,12.7,2.5
2023-04-14,8.8,9.5
2023-04-15,11.3,4.7
2023-04-16,10.6,1.7
2023-04-17,11.2,3.5
2023-04-18,13.4,0.3
2023-04-19,11.7,4.6
2023-04-20,14.7,0.5
2023-04-21,18.9,0.0
2023-04-22,20.8,0.0
2023-04-23,16.5,3.4
2023-04-24,16.0,0.8
2023-04-25,10.5,0.0
2023-04-26,9.8,0.8
2023-04-27,10.2,0.2
2023-04-28,15.9,0.0
2023-04-29,14.6,0.5
2023-04-30,13.1,0.0
2023-05-01,17.6,0.0
2023-05-02,13.0,0.4
2023-05-03,14.6,0.0
2023-05-04,17.5,0.0
2023-05-05,19.1,0.8
2023-05-06,11.5,12.7
2023-05-07,15.0,0.0
2023-05-08,16.8,0.0
2023-05-09,18.2,0.0
2023-05-10,21.7,0.0
2023-05-11,21.6,0.1
2023-05-12,21.5,0.0
2023-05-13,22.3,0.0
2023-05-14,21.1,0.0
2023-05-15,19.9,0.7
2023-05-16,16.1,0.0
2023-05-17,15.0,0.0
2023-05-18,15.3,0.0
2023-05-19,17.9,0.0
2023-05-20,19.9,0.1
2023-05-21,26.6,0.0
2023-05-22,25.5,0.0
2023-05-23,22.5,2.0
2023-05-24,15.2,0.6
2023-05-25,18.8,0.0
2023-05-26,19.0,0.0
2023-05-27,20.0,0.0
2023-05-28,22.8,0.0
2023-05-29,21.3,0.0
2023-05-30,21.9,0.0
2023-05-31,24.2,0.0
2023-06-01,21.8,0.0
2023-06-02,19.8,0.9
2023-06-03,20.0,0.0
2023-06-04,22.8,0.0
2023-06-05,25.2,0.0
2023-06-06,24.8,0.2
2023-06-07,28.7,0.0
2023-06-08,29.0,0.0
2023-06-09,28.7,0.0
2023-06-10,28.7,0.6
2023-06-11,26.4,0.0
2023-06-12,25.7,0.0
2023-06-13,23.9,0.0
2023-06-14,23.6,0.0
2023-06-15,22.9,0.6
2023-06-16,20.1,26.2
2023-06-17,20.8,2.4
2023-06-18,24.6,0.0
2023-06-19,27.1,0.7
2023-06-20,25.1,1.0
2023-06-21,27.6,3.3
2023-06-22,27.1,2.3
2023-06-23,20.7,34.2
2023-06-24,24.4,0.0
2023-06-25,26.2,0.4
2023-06-26,29.2,5.6
2023-06-27,20.4,0.9
2023-06-28,22.3,0.0
2023-06-29,25.0,0.0
2023-06-30,21.4,6.1
2023-07-01,23.8,1.1
2023-07-02,22.0,1.9
2023-07-03,21.7,0.0
2023-07-04,22.6,0.2
2023-07-05,24.9,1.8
2023-07-06,22.4,0.3
2023-07-07,27.7,0.0
2023-07-08,30.8,0.0
2023-07-09,32.3,0.0
2023-07-10,31.2,2.4
2023-07-11,29.8,0.0
2023-07-12,27.9,0.2
2023-07-13,26.0,0.1
2023-07-14,26.1,0.1
2023-07-15,34.9,0.0
2023-07-16,28.8,1.0
2023-07-17,26.7,0.2
2023-07-18,24.6,0.0
2023-07-19,25.9,0.6
2023-07-20,22.4,1.8
2023-07-21,21.5,1.3
2023-07-22,21.9,0.0
2023-07-23,28.5,0.5
2023-07-24,27.9,10.8
2023-07-25,22.0,0.1
2023-07-26,19.9,0.2
2023-07-27,20.2,3.4
2023-07-28,22.2,41.6
2023-07-29,23.7,13.7
2023-07-30,23.7,9.4
2023-07-31,20.2,9.9
2023-08-01,21.5,11.2
2023-08-02,22.5,1.9
2023-08-03,23.2,5.2
2023-08-04,21.6,0.9
2023-08-05,21.0,0.2
2023-08-06,17.7,11.5
2023-08-07,19.1,3.5
2023-08-08,19.9,1.6
2023-08-09,20.0,0.2
2023-08-10,20.4,0.0
2023-08-11,25.0,0.0
2023-08-12,27.3,6.0
2023-08-13,26.0,0.0
2023-08-14,29.6,0.1
2023-08-15,30.0,13.3
2023-08-16,26.9,8.6
2023-08-17,25.8,1.9
2023-08-18,29.3,1.4
2023-08-19,31.3,0.0
2023-08-20,29.2,0.2
2023-08-21,27.3,0.0
2023-08-22,26.2,0.0
2023-08-23,26.8,0.0
2023-08-24,28.2,0.0
2023-08-25,29.3,6.0
2023-08-26,25.1,0.9
2023-08-27,21.4,1.6
2023-08-28,19.3,0.0
2023-08-29,16.7,5.0
2023-08-30,19.9,0.1
2023-08-31,18.2,5.4
2023-09-01,20.7,1.8
2023-09-02,21.8,0.0
2023-09-03,20.7,0.0
2023-09-04,24.2,0.0
2023-09-05,26.9,0.0
2023-09-06,28.6,0.0
2023-09-07,28.7,0.0
2023-09-08,29.0,0.0
2023-09-09,30.3,0.0
2023-09-10,30.3,0.0
2023-09-11,30.3,0.0
2023-09-12,29.9,0.0
2023-09-13,24.0,5.3
2023-09-14,20.7,0.3
2023-09-15,22.9,0.0
2023-09-16,25.4,0.0
2023-09-17,27.1,0.0
2023-09-18,27.9,0.3
2023-09-19,20.7,0.1
2023-09-20,24.8,0.0
2023-09-21,28.0,0.0
2023-09-22,19.7,4.1
2023-09-23,18.4,0.0
2023-09-24,19.3,0.0
2023-09-25,21.7,0.0
2023-09-26,24.2,0.0
2023-09-27,26.0,0.0
2023-09-28,25.8,0.0
2023-09-29,23.4,0.7
2023-09-30,19.4,0.0
2023-10-01,20.0,0.5
2023-10-02,24.8,0.0
2023-10-03,24.5,8.0
2023-10-04,17.2,0.5
2023-10-05,16.5,0.9
2023-10-06,18.2,0.1
2023-10-07,17.7,8.5
2023-10-08,14.4,2.6
2023-10-09,12.6,5.2
2023-10-10,16.8,1.3
2023-10-11,22.9,0.0
2023-10-12,19.4,6.9
2023-10-13,21.2,0.2
2023-10-14,20.2,4.5
2023-10-15,10.8,0.3
2023-10-16,10.4,0.0
2023-10-17,10.5,0.0
2023-10-18,11.9,0.0
2023-10-19,8.3,3.6
2023-10-20,7.4,7.1
2023-10-21,17.7,0.3
2023-10-22,16.0,2.6
2023-10-23,15.1,0.3
2023-10-24,14.7,9.2
2023-10-25,13.7,0.4
2023-10-26,11.7,7.1
2023-10-27,11.3,7.8
2023-10-28,12.0,4.6
2023-10-29,16.4,6.8
2023-10-30,15.5,0.1
2023-10-31,13.0,2.8
2023-11-01,14.6,0.2
2023-11-02,14.2,3.6
2023-11-03,11.2,0.4
2023-11-04,11.2,1.1
2023-11-05,12.5,8.6
2023-11-06,12.7,1.6
2023-11-07,12.0,0.0
2023-11-08,11.0,0.0
2023-11-09,11.8,0.2
2023-11-10,11.0,0.4
2023-11-11,9.1,0.4
2023-11-12,8.1,0.7
2023-11-13,9.3,5.5
2023-11-14,12.8,0.1
2023-11-15,9.5,2.3
2023-11-16,8.7,2.7
2023-11-17,5.9,0.0
2023-11-18,6.3,0.1
2023-11-19,11.7,8.7
2023-11-20,11.1,13.1
2023-11-21,8.5,2.9
2023-11-22,0.9,0.0
2023-11-23,11.0,5.7
2023-11-24,8.3,3.2
2023-11-25,3.2,0.8
2023-11-26,1.0,0.0
2023-11-27,1.7,2.6
2023-11-28,0.1,2.6
2023-11-29,1.0,1.9
2023-11-30,-0.3,0.0
2023-12-01,-2.4,0.0
2023-12-02,-1.9,0.0
2023-12-03,-1.0,0.0
2023-12-04,-0.7,0.0
2023-12-05,-0.3,0.8
2023-12-06,0.8,1.8
2023-12-07,1.3,0.0
2023-12-08,1.4,1.9
2023-12-09,4.9,0.3
2023-12-10,7.1,7.7
2023-12-11,8.7,17.8
2023-12-12,6.9,0.9
2023-12-13,5.1,9.3
2023-12-14,4.1,2.4
2023-12-15,5.4,0.5
2023-12-16,8.0,0.1
2023-12-17,9.8,0.0
2023-12-18,7.1,0.0
2023-12-19,7.4,6.1
2023-12-20,6.6,6.1
2023-12-21,8.8,19.4
2023-12-22,4.3,1.6
2023-12-23,3.2,4.5
2023-12-24,10.6,12.4
2023-12-25,10.9,4.6
2023-12-26,10.0,19.4
2023-12-27,5.2,0.0
2023-12-28,10.2,0.2
2023-12-29,10.8,4.8
2023-12-30,8.7,1.8
2023-12-31,7.8,1.6
2024-01-01,7.7,1.5
2024-01-02,7.3,6.7
2024-01-03,10.9,7.1
2024-01-04,7.4,2.7
2024-01-05,1.0,6.0
2024-01-06,1.1,1.4
2024-01-07,-0.6,0.3
2024-01-08,-3.9,0.0
2024-01-09,-4.2,0.0
2024-01-10,-2.0,0.0
2024-01-11,-0.3,0.0
2024-01-12,0.5,0.0
2024-01-13,2.4,1.7
2024-01-14,3.0,6.2
2024-01-15,2.4,1.5
2024-01-16,1.2,5.3
2024-01-17,0.1,2.4
2024-01-18,0.6,0.5
2024-01-19,1.8,0.0
2024-01-20,3.1,0.0
2024-01-21,3.1,0.0
2024-01-22,9.0,2.6
2024-01-23,7.6,1.7
2024-01-24,10.4,6.2
2024-01-25,8.5,0.2
2024-01-26,9.2,2.6
2024-01-27,6.9,0.0
2024-01-28,6.6,0.0
2024-01-29,8.5,0.0
2024-01-30,8.5,0.0
2024-01-31,7.5,0.0
2024-02-01,7.9,2.1
2024-02-02,7.7,0.7
2024-02-03,10.4,3.9
2024-02-04,8.6,0.4
2024-02-05,9.8,11.2
2024-02-06,10.5,1.0
2024-02-07,9.3,8.8
2024-02-08,4.9,2.5
2024-02-09,8.6,13.5
2024-02-10,12.8,4.7
2024-02-11,10.2,5.2
2024-02-12,9.1,5.6
2024-02-13,8.4,0.3
2024-02-14,9.3,3.5
2024-02-15,13.4,0.3
2024-02-16,16.0,1.0
2024-02-17,12.2,3.5
2024-02-18,9.6,0.6
2024-02-19,8.5,6.9
2024-02-20,8.8,1.5
2024-02-21,10.8,1.9
2024-02-22,11.7,4.3
2024-02-23,11.2,0.7
2024-02-24,10.3,0.1
2024-02-25,11.5,0.4
2024-02-26,10.6,0.0
2024-02-27,7.1,0.0
2024-02-28,5.4,0.0
2024-02-29,9.6,0.0
2024-03-01,12.3,0.2
2024-03-02,11.1,0.6
2024-03-03,13.5,0.1
2024-03-04,12.5,0.1
2024-03-05,8.3,0.3
2024-03-06,7.2,0.2
2024-03-07,7.6,0.3
2024-03-08,7.8,0.0
2024-03-09,9.5,0.3
2024-03-10,12.5,0.0
2024-03-11,13.9,0.2
2024-03-12,13.5,0.0
2024-03-13,13.5,0.0
2024-03-14,14.5,0.2
2024-03-15,17.4,0.5
2024-03-16,12.7,1.1
2024-03-17,8.6,0.0
2024-03-18,6.2,0.0
2024-03-19,8.8,0.0
2024-03-20,16.1,0.0
2024-03-21,14.4,7.2
2024-03-22,13.4,4.0
2024-03-23,9.6,6.5
2024-03-24,6.9,3.7
2024-03-25,9.3,5.1
2024-03-26,13.2,0.0
2024-03-27,17.2,0.0
2024-03-28,13.6,1.4
2024-03-29,14.6,1.0
2024-03-30,22.2,0.2
2024-03-31,19.0,0.0
2024-04-01,19.5,0.3
2024-04-02,13.7,0.8
2024-04-03,11.8,6.4
2024-04-04,14.7,6.6
2024-04-05,19.0,0.3
2024-04-06,22.0,0.1
2024-04-07,22.2,0.0
2024-04-08,25.7,0.0
2024-04-09,25.8,0.2
2024-04-10,13.6,1.3
2024-04-11,16.0,0.0
2024-04-12,19.4,0.0
2024-04-13,21.1,0.0
2024-04-14,17.4,0.3
2024-04-15,13.6,4.1
2024-04-16,9.8,2.3
2024-04-17,10.5,0.6
2024-04-18,10.6,0.6
2024-04-19,7.9,5.5
2024-04-20,8.3,2.7
2024-04-21,8.6,1.5
2024-04-22,6.0,1.9
2024-04-23,8.4,0.0
2024-04-24,10.6,0.9
2024-04-25,9.3,0.5
2024-04-26,13.3,0.1
2024-04-27,19.1,0.0
2024-04-28,22.9,0.0
2024-04-29,20.1,1.2
2024-04-30,26.6,0.0
2024-05-01,25.0,0.0
2024-05-02,24.3,0.0
2024-05-03,22.2,0.7
2024-05-04,19.2,0.6
2024-05-05,19.0,2.9
2024-05-06,18.7,0.0
2024-05-07,15.9,0.3
2024-05-08,17.5,0.0
2024-05-09,18.6,0.0
2024-05-10,21.0,0.0
2024-05-11,19.2,0.1
2024-05-12,20.1,0.0
2024-05-13,22.9,0.0
2024-05-14,24.3,0.0
2024-05-15,25.5,0.0
2024-05-16,25.4,0.0
2024-05-17,25.0,0.0
2024-05-18,20.7,2.7
2024-05-19,20.5,10.9
2024-05-20,19.9,13.5
2024-05-21,25.7,0.1
2024-05-22,25.2,16.1
2024-05-23,21.7,1.7
2024-05-24,23.2,7.9
2024-05-25,22.9,10.0
2024-05-26,23.7,1.4
2024-05-27,23.3,11.7
2024-05-28,17.9,9.3
2024-05-29,22.1,0.1
2024-05-30,21.1,11.5
2024-05-31,22.1,0.0
2024-06-01,24.6,2.4
2024-06-02,22.3,11.2
2024-06-03,17.5,0.2
2024-06-04,19.1,0.0
2024-06-05,20.3,3.4
2024-06-06,19.5,0.5
2024-06-07,19.4,0.2
2024-06-08,23.8,0.0
2024-06-09,20.5,0.0
2024-06-10,18.4,1.7
2024-06-11,17.2,3.0
2024-06-12,16.8,0.3
2024-06-13,17.6,0.0
2024-06-14,18.5,2.2
2024-06-15,21.8,2.6
2024-06-16,23.1,0.2
2024-06-17,24.0,1.2
2024-06-18,26.5,3.9
2024-06-19,19.9,2.0
2024-06-20,22.4,0.0
2024-06-21,27.7,8.3
2024-06-22,21.8,4.2
2024-06-23,21.6,0.0
2024-06-24,23.5,0.1
2024-06-25,25.9,0.0
2024-06-26,29.4,0.0
2024-06-27,29.2,3.5
2024-06-28,27.4,5.2
2024-06-29,29.2,0.1
2024-06-30,28.1,10.9
2024-07-01,21.1,8.6
2024-07-02,17.2,0.2
2024-07-03,17.8,0.6
2024-07-04,20.6,4.1
2024-07-05,20.7,0.0
2024-07-06,30.0,0.4
2024-07-07,22.7,0.0
2024-07-08,25.5,0.0
2024-07-09,31.0,0.0
2024-07-10,31.0,1.5
2024-07-11,25.9,5.4
2024-07-12,26.7,2.5
2024-07-13,23.8,3.7
2024-07-14,24.7,2.5
2024-07-15,29.2,0.0
2024-07-16,27.1,1.0
2024-07-17,23.8,0.2
2024-07-18,26.0,0.0
2024-07-19,28.9,0.0
2024-07-20,31.1,0.0
2024-07-21,32.3,1.0
2024-07-22,24.9,0.9
2024-07-23,27.1,1.6
2024-07-24,23.6,0.6
2024-07-25,23.1,0.0
2024-07-26,25.5,0.0
2024-07-27,23.4,10.8
2024-07-28,22.1,13.0
2024-07-29,23.4,0.0
2024-07-30,26.7,0.0
2024-07-31,28.9,0.0
2024-08-01,27.3,0.0
2024-08-02,21.3,0.0
2024-08-03,24.8,0.0
2024-08-04,23.0,11.0
2024-08-05,22.4,0.0
2024-08-06,25.4,0.0
2024-08-07,29.1,0.0
2024-08-08,23.8,0.6
2024-08-09,25.9,2.4
2024-08-10,26.7,0.1
2024-08-11,25.6,0.0
2024-08-12,27.5,0.0
2024-08-13,30.5,0.0
2024-08-14,33.5,3.4
2024-08-15,28.2,2.5
2024-08-16,29.6,0.0
2024-08-17,29.9,0.3
2024-08-18,25.2,0.5
2024-08-19,23.2,0.0
2024-08-20,27.5,0.0
2024-08-21,23.3,1.8
2024-08-22,25.6,0.0
2024-08-23,30.8,0.0
2024-08-24,32.1,0.0
2024-08-25,26.4,0.0
2024-08-26,25.2,0.0
2024-08-27,26.8,0.0
2024-08-28,30.3,0.0
2024-08-29,34.3,0.0
2024-08-30,28.5,3.0
2024-08-31,24.0,0.1
2024-09-01,25.2,0.0
2024-09-02,26.7,0.0
2024-09-03,32.6,0.2
2024-09-04,33.9,0.0
2024-09-05,31.2,0.0
2024-09-06,29.5,0.0
2024-09-07,31.1,0.0
2024-09-08,31.7,0.0
2024-09-09,24.7,7.6
2024-09-10,19.0,0.1
2024-09-11,17.2,0.5
2024-09-12,15.7,0.3
2024-09-13,14.9,7.3
2024-09-14,17.4,1.9
2024-09-15,18.2,0.1
2024-09-16,18.9,9.6
2024-09-17,24.7,0.0
2024-09-18,25.2,0.0
2024-09-19,23.6,0.5
2024-09-20,22.9,0.0
2024-09-21,22.9,0.0
2024-09-22,24.0,0.0
2024-09-23,24.2,0.0
2024-09-24,17.3,12.2
2024-09-25,19.0,3.2
2024-09-26,19.5,2.2
2024-09-27,19.5,0.9
2024-09-28,15.3,0.6
2024-09-29,14.2,0.0
2024-09-30,15.3,0.0
2024-10-01,13.6,10.9
2024-10-02,11.3,6.2
2024-10-03,14.2,4.4
2024-10-04,14.6,0.6
2024-10-05,14.4,0.2
2024-10-06,12.7,0.0
2024-10-07,16.3,0.2
2024-10-08,21.4,3.5
2024-10-09,19.5,10.1
2024-10-10,19.2,2.1
2024-10-11,12.5,0.2
2024-10-12,13.4,0.0
2024-10-13,12.1,4.2
2024-10-14,11.7,0.7
2024-10-15,12.0,0.0
2024-10-16,14.0,0.0
2024-10-17,16.4,0.0
2024-10-18,17.2,0.0
2024-10-19,18.8,0.0
2024-10-20,16.8,0.0
2024-10-21,18.8,2.9
2024-10-22,18.2,0.0
2024-10-23,14.7,0.0
2024-10-24,14.1,0.0
2024-10-25,16.7,0.0
2024-10-26,16.7,0.0
2024-10-27,16.1,0.1
2024-10-28,16.1,0.3
2024-10-29,14.8,0.4
2024-10-30,14.8,0.0
2024-10-31,14.5,0.0
2024-11-01,13.2,0.0
2024-11-02,11.8,0.3
2024-11-03,10.1,0.0
2024-11-04,10.8,0.0
2024-11-05,10.5,0.0
2024-11-06,6.4,0.0
2024-11-07,6.3,0.0
2024-11-08,6.8,0.0
2024-11-09,7.6,0.0
2024-11-10,3.5,0.0
2024-11-11,7.8,0.2
2024-11-12,5.1,0.1
2024-11-13,7.8,0.7
2024-11-14,9.5,0.4
2024-11-15,9.3,0.0
2024-11-16,8.2,0.0
2024-11-17,7.4,4.4
2024-11-18,6.1,1.7
2024-11-19,9.7,26.5
2024-11-20,2.9,1.1
2024-11-21,3.2,0.6
2024-11-22,3.0,0.2
2024-11-23,4.9,0.2
2024-11-24,12.1,11.6
2024-11-25,14.1,0.0
2024-11-26,11.6,1.7
2024-11-27,8.3,1.3
2024-11-28,9.1,8.8
2024-11-29,6.0,0.1
2024-11-30,4.9,0.0
2024-12-01,3.5,0.0
2024-12-02,6.0,0.0
2024-12-03,7.3,0.6
2024-12-04,5.0,0.4
2024-12-05,4.5,0.3
2024-12-06,7.1,10.4
2024-12-07,6.0,2.8
2024-12-08,4.8,1.7
2024-12-09,4.5,1.8
2024-12-10,3.8,0.2
2024-12-11,3.3,0.0
2024-12-12,2.9,0.0
2024-12-13,3.3,0.0
2024-12-14,2.3,1.5
2024-12-15,7.8,2.7
2024-12-16,10.7,1.2
2024-12-17,9.7,0.2
2024-12-18,11.3,0.4
2024-12-19,13.2,4.0
2024-12-20,6.1,0.4
2024-12-21,6.4,1.4
2024-12-22,6.8,3.7
2024-12-23,5.1,2.8
2024-12-24,4.5,0.0
2024-12-25,4.9,0.2
2024-12-26,6.5,0.2
2024-12-27,5.3,0.0
2024-12-28,0.2,0.0
2024-12-29,1.6,0.0
2024-12-30,3.4,0.0
2024-12-31,3.2,0.0
2025-01-01,7.0,0.0
2025-01-02,6.9,4.0
2025-01-03,2.6,4.6
2025-01-04,0.9,0.0
2025-01-05,0.4,8.8
2025-01-06,11.6,11.0
2025-01-07,8.9,2.1
2025-01-08,4.2,2.8
2025-01-09,1.3,15.8
2025-01-10,1.5,5.3
2025-01-11,0.8,2.4
2025-01-12,1.3,0.0
2025-01-13,0.4,0.0
2025-01-14,2.3,2.6
2025-01-15,4.3,0.1
2025-01-16,3.1,0.0
2025-01-17,1.3,0.0
2025-01-18,-0.2,0.0
2025-01-19,5.5,0.0
2025-01-20,5.4,0.0
2025-01-21,0.8,0.0
2025-01-22,4.0,0.0
2025-01-23,3.8,3.9
2025-01-24,7.2,1.5
2025-01-25,14.0,1.2
2025-01-26,10.1,5.7
2025-01-27,11.2,1.7
2025-01-28,9.3,2.4
2025-01-29,8.6,1.9
2025-01-30,8.0,0.3
2025-01-31,5.7,2.9
2025-02-01,3.8,0.0
2025-02-02,3.7,0.0
2025-02-03,3.8,0.0
2025-02-04,4.3,0.0
2025-02-05,3.6,0.0
2025-02-06,4.6,0.0
2025-02-07,3.3,0.0
2025-02-08,5.5,0.0
2025-02-09,3.9,0.0
2025-02-10,3.3,0.0
2025-02-11,3.3,0.0
2025-02-12,2.1,0.0
2025-02-13,-0.3,5.4
2025-02-14,1.3,3.5
2025-02-15,-0.3,1.0
2025-02-16,-0.9,0.2
2025-02-17,-2.6,0.0
2025-02-18,-1.6,0.0
2025-02-19,0.4,0.0
2025-02-20,1.5,0.0
2025-02-21,5.6,0.0
2025-02-22,9.8,0.0
2025-02-23,11.1,0.0
2025-02-24,13.7,0.0
2025-02-25,11.6,4.0
2025-02-26,9.3,5.4
2025-02-27,9.6,1.1
2025-02-28,6.0,3.1
2025-03-01,5.6,0.3
2025-03-02,7.5,0.0
2025-03-03,9.0,0.0
2025-03-04,10.7,0.0
2025-03-05,14.9,0.0
2025-03-06,15.8,0.0
2025-03-07,17.1,0.0
2025-03-08,15.8,0.0
2025-03-09,15.0,0.0
2025-03-10,14.8,0.0
2025-03-11,10.4,0.0
2025-03-12,7.4,2.4
2025-03-13,7.6,0.2
2025-03-14,7.8,0.7
2025-03-15,7.6,0.1
2025-03-16,7.9,0.3
2025-03-17,5.9,0.4
2025-03-18,7.5,0.0
2025-03-19,11.5,0.0
2025-03-20,15.7,0.0
2025-03-21,16.6,0.0
2025-03-22,13.7,0.0
2025-03-23,13.7,0.0
2025-03-24,14.5,0.1
2025-03-25,13.8,0.0
2025-03-26,10.7,0.6
2025-03-27,10.2,0.0
2025-03-28,14.9,0.0
2025-03-29,15.6,0.0
2025-03-30,9.5,7.2
2025-03-31,11.5,1.3
2025-04-01,13.1,0.0
2025-04-02,15.4,0.0
2025-04-03,17.8,0.0
2025-04-04,20.2,0.0
2025-04-05,11.1,0.0
2025-04-06,8.2,0.1
2025-04-07,12.5,0.0
2025-04-08,13.8,0.0
2025-04-09,14.9,0.0
2025-04-10,13.6,0.0
2025-04-11,14.5,0.5
2025-04-12,17.8,0.0
2025-04-13,22.4,0.0
2025-04-14,21.0,0.6
2025-04-15,21.9,0.1
2025-04-16,25.7,0.0
2025-04-17,27.0,0.0
2025-04-18,17.2,0.8
2025-04-19,10.4,7.9
2025-04-20,18.8,0.0
2025-04-21,18.7,1.4
2025-04-22,18.0,7.9
2025-04-23,17.9,0.4
2025-04-24,17.9,0.0
2025-04-25,16.7,0.0
2025-04-26,15.4,0.0
2025-04-27,17.8,0.0
2025-04-28,22.1,0.0
2025-04-29,22.8,0.0
2025-04-30,22.9,0.0
2025-05-01,25.9,0.0
2025-05-02,28.1,0.3
2025-05-03,19.4,1.3
2025-05-04,15.0,0.8
2025-05-05,13.8,0.0
2025-05-06,16.2,0.0
2025-05-07,15.6,0.0
2025-05-08,15.7,0.0
2025-05-09,19.0,0.0
2025-05-10,18.0,0.0
2025-05-11,18.2,0.0
2025-05-12,20.0,0.0
2025-05-13,21.0,0.0
2025-05-14,22.2,0.0
2025-05-15,14.9,0.8
2025-05-16,17.2,0.9
2025-05-17,17.1,1.6
2025-05-18,14.5,0.9
2025-05-19,15.8,0.7
2025-05-20,22.3,0.0
2025-05-21,21.8,0.0
2025-05-22,15.7,0.0
2025-05-23,12.4,1.3
2025-05-24,17.2,0.2
2025-05-25,17.0,2.9
2025-05-26,19.7,1.5
2025-05-27,20.3,0.0
2025-05-28,18.7,5.8
2025-05-29,18.2,0.1
2025-05-30,23.4,3.4
2025-05-31,24.3,0.8
2025-06-01,27.3,2.7
2025-06-02,21.9,0.1
2025-06-03,25.9,0.0
2025-06-04,27.7,3.2
2025-06-05,23.1,2.4
2025-06-06,22.5,1.5
2025-06-07,22.7,6.7
2025-06-08,20.1,7.7
2025-06-09,18.0,2.4
2025-06-10,18.3,3.2
2025-06-11,20.2,1.5
2025-06-12,23.6,0.0
2025-06-13,25.5,0.0
2025-06-14,30.1,0.0
2025-06-15,32.7,1.0
2025-06-16,22.6,0.3
2025-06-17,26.3,0.0
2025-06-18,27.7,0.0
2025-06-19,22.4,0.0
2025-06-20,23.8,0.0
2025-06-21,28.9,0.0
2025-06-22,34.1,0.0
2025-06-23,27.2,5.1
2025-06-24,22.7,1.0
2025-06-25,24.6,5.5
2025-06-26,30.9,12.7
2025-06-27,22.0,2.1
2025-06-28,28.8,0.0
2025-06-29,28.5,1.4
2025-06-30,26.7,0.0
2025-07-01,33.0,0.0
2025-07-02,37.3,0.0
2025-07-03,30.6,0.1
2025-07-04,24.8,0.0
2025-07-05,28.9,0.1
2025-07-06,29.5,0.0
2025-07-07,24.3,10.6
2025-07-08,21.4,0.8
2025-07-09,21.3,4.2
2025-07-10,22.5,2.0
2025-07-11,21.8,2.8
2025-07-12,17.4,24.0
2025-07-13,21.7,5.4
2025-07-14,24.8,5.3
2025-07-15,22.0,4.0
2025-07-16,20.6,6.4
2025-07-17,19.0,9.2
2025-07-18,23.0,0.8
2025-07-19,26.1,0.0
2025-07-20,29.2,0.1
2025-07-21,22.6,41.4
2025-07-22,21.9,3.6
2025-07-23,21.0,16.4
2025-07-24,22.5,1.1
2025-07-25,23.5,7.6
2025-07-26,21.0,0.5
2025-07-27,23.9,0.6
2025-07-28,22.3,8.2
2025-07-29,20.4,1.1
2025-07-30,21.7,0.0
2025-07-31,19.5,2.1
2025-08-01,20.8,8.4
2025-08-02,21.7,6.2
2025-08-03,19.1,1.8
2025-08-04,22.3,5.9
2025-08-05,19.4,6.7
2025-08-06,20.6,0.4
2025-08-07,24.3,0.0
2025-08-08,26.9,0.0
2025-08-09,29.0,0.0
2025-08-10,23.7,0.0
2025-08-11,25.3,0.0
2025-08-12,29.1,0.0
2025-08-13,31.8,0.0
2025-08-14,33.4,0.0
2025-08-15,33.3,0.4
2025-08-16,25.1,0.0
2025-08-17,22.6,0.2
2025-08-18,24.4,0.0
2025-08-19,26.7,0.0
2025-08-20,24.3,0.0
2025-08-21,23.6,0.0
2025-08-22,19.8,0.3
2025-08-23,17.6,1.1
2025-08-24,18.4,0.0
2025-08-25,18.8,0.1
2025-08-26,21.3,0.0
2025-08-27,28.3,0.0
2025-08-28,21.9,5.7
2025-08-29,20.7,2.3
2025-08-30,22.6,0.3
2025-08-31,25.0,0.0
2025-09-01,26.9,0.0
2025-09-02,20.5,15.3
2025-09-03,23.5,0.0
2025-09-04,26.6,0.0
2025-09-05,20.0,4.3
2025-09-06,20.4,0.2
2025-09-07,21.4,0.0
2025-09-08,22.2,0.0
2025-09-09,24.4,0.1
2025-09-10,22.3,5.3
2025-09-11,22.1,11.0
2025-09-12,19.3,5.6
2025-09-13,21.1,0.6
2025-09-14,18.2,0.7
2025-09-15,21.6,5.1
2025-09-16,18.0,0.5
2025-09-17,18.0,0.7
2025-09-18,19.5,0.4
2025-09-19,23.1,0.0
2025-09-20,27.5,0.0
2025-09-21,25.6,0.0
2025-09-22,15.2,2.5
2025-09-23,15.9,0.0
2025-09-24,15.7,0.0
2025-09-25,14.5,0.6
2025-09-26,15.3,0.3
2025-09-27,18.2,0.0
2025-09-28,18.3,0.0
2025-09-29,16.2,0.0
2025-09-30,13.3,0.0
2025-10-01,12.6,0.0
2025-10-02,14.1,0.0
2025-10-03,13.9,0.0
2025-10-04,13.2,6.7
2025-10-05,14.1,0.3
2025-10-06,15.2,2.3
2025-10-07,15.0,1.0
2025-10-08,15.6,4.1
2025-10-09,14.6,1.1
2025-10-10,14.8,1.2
2025-10-11,16.4,0.2
2025-10-12,13.8,1.0
2025-10-13,14.0,0.1
2025-10-14,12.6,2.2
2025-10-15,13.8,0.1
2025-10-16,13.4,0.7
2025-10-17,12.5,0.3
2025-10-18,10.3,0.0
2025-10-19,10.6,0.0
2025-10-20,13.0,0.0
2025-10-21,15.9,1.1
2025-10-22,16.2,1.0
2025-10-23,16.2,3.5
2025-10-24,12.2,0.3
2025-10-25,12.1,0.6
2025-10-26,9.4,6.7
2025-10-27,9.8,10.7
2025-10-28,10.3,5.4
2025-10-29,13.7,0.1
2025-10-30,11.7,9.3
2025-10-31,12.2,0.0
2025-11-01,15.5,5.1
2025-11-02,12.8,0.1
2025-11-03,12.2,0.8
2025-11-04,14.2,0.0
2025-11-05,15.1,0.0
2025-11-06,13.9,0.0
2025-11-07,12.0,0.0
2025-11-08,8.2,0.0
2025-11-09,7.8,0.0
2025-11-10,10.5,0.1
2025-11-11,10.0,1.4
2025-11-12,11.6,0.0
2025-11-13,15.0,0.0
2025-11-14,11.3,3.6
2025-11-15,7.3,10.8
2025-11-16,9.7,4.5
2025-11-17,5.7,0.9
2025-11-18,5.9,0.0
2025-11-19,5.2,1.4
2025-11-20,3.7,5.4
2025-11-21,1.6,0.0
2025-11-22,2.0,0.0
2025-11-23,0.5,0.0
2025-11-24,3.1,2.0
2025-11-25,3.2,0.0
2025-11-26,4.6,0.0
2025-11-27,4.1,0.2
2025-11-28,5.9,0.6
2025-11-29,7.7,1.9
2025-11-30,8.2,1.0
2025-12-01,6.3,0.0
2025-12-02,4.4,0.0
2025-12-03,4.1,0.0
2025-12-04,4.3,0.0
2025-12-05,4.4,3.1
2025-12-06,4.6,0.0
2025-12-07,9.2,0.0
2025-12-08,12.9,6.2
2025-12-09,11.8,6.4
2025-12-10,11.3,0.8
2025-12-11,10.3,0.1
2025-12-12,6.1,0.0
2025-12-13,7.9,0.0
2025-12-14,6.8,0.0
2025-12-15,6.6,0.0
2025-12-16,5.2,0.0
2025-12-17,4.0,0.0
2025-12-18,8.9,0.0
2025-12-19,9.2,0.3
2025-12-20,7.9,0.5
2025-12-21,7.2,0.1
2025-12-22,5.2,0.0
2025-12-23,2.6,0.0
2025-12-24,1.4,0.0
2025-12-25,-4.5,0.0
2025-12-26,-1.0,0.0
2025-12-27,3.5,0.0
2025-12-28,1.7,0.0
2025-12-29,3.9,0.8
2025-12-30,2.4,2.6
2025-12-31,2.9,2.5
2026-01-01,3.1,2.0
2026-01-02,2.6,4.7
2026-01-03,1.1,8.0
2026-01-04,-0.3,1.0
2026-01-05,-0.5,0.0
2026-01-06,-2.4,0.0
2026-01-07,-3.1,0.0
2026-01-08,-3.9,0.0
2026-01-09,-4.2,2.0
2026-01-10,-1.2,0.4
2026-01-11,-3.9,0.0
2026-01-12,-0.9,0.6
2026-01-13,2.8,2.7
2026-01-14,5.8,3.7
2026-01-15,5.9,0.0
2026-01-16,7.3,0.0
2026-01-17,3.4,0.0
2026-01-18,3.9,0.0
2026-01-19,4.5,0.0
2026-01-20,1.3,0.0
2026-01-21,1.1,0.0
2026-01-22,-0.8,0.0
2026-01-23,-3.9,0.0
2026-01-24,-1.7,0.0
2026-01-25,-1.0,0.1
2026-01-26,0.9,8.8
2026-01-27,0.8,0.3
2026-01-28,0.9,0.0
2026-01-29,-0.5,0.0
2026-01-30,-1.3,2.6
2026-01-31,-1.8,0.1
2026-02-01,-6.3,0.0
2026-02-02,-7.2,0.0
2026-02-03,-5.1,0.0
2026-02-04,-4.5,1.7
2026-02-05,-1.4,6.8
2026-02-06,2.0,2.2
2026-02-07,3.0,0.7
2026-02-08,1.0,0.5
2026-02-09,1.8,0.0
2026-02-10,4.7,0.2
2026-02-11,8.5,2.1
2026-02-12,8.0,8.4
2026-02-13,2.8,3.4
2026-02-14,1.2,0.4
2026-02-15,0.0,0.0
2026-02-16,-2.0,0.7
2026-02-17,-0.5,2.0
2026-02-18,-0.4,0.5
2026-02-19,0.2,0.0
2026-02-20,0.7,0.0
2026-02-21,8.5,2.2
2026-02-22,10.3,9.6
2026-02-23,10.9,6.5
2026-02-24,8.4,0.8
2026-02-25,9.7,0.0
2026-02-26,13.8,0.0
2026-02-27,17.7,0.0
2026-02-28,17.9,0.0
2026-03-01,11.1,0.0
2026-03-02,13.9,0.0
2026-03-03,15.0,0.0
2026-03-04,10.5,0.0
2026-03-05,11.8,0.0
2026-03-06,14.6,0.0
2026-03-07,16.2,0.0
2026-03-08,14.7,0.0
2026-03-09,15.1,0.0
2026-03-10,15.4,0.0
2026-03-11,16.3,4.1
2026-03-12,13.0,0.5
2026-03-13,15.4,0.0
2026-03-14,14.2,1.5
2026-03-15,7.3,0.4
2026-03-16,8.3,4.4
2026-03-17,10.6,0.0
2026-03-18,13.0,0.0
2026-03-19,14.0,0.0
2026-03-20,11.3,0.4
2026-03-21,10.3,0.6
2026-03-22,13.5,0.0
2026-03-23,15.0,0.0
2026-03-24,15.5,0.0
2026-03-25,12.6,1.6
2026-03-26,7.6,1.0
2026-03-27,7.7,0.3
2026-03-28,10.6,1.0
2026-03-29,9.0,0.9
2026-03-30,8.0,3.1
2026-03-31,9.6,4.5
2026-04-01,11.1,0.0
2026-04-02,12.1,0.0
2026-04-03,9.8,0.0
2026-04-04,14.5,0.4
2026-04-05,17.8,0.3
2026-04-06,12.9,0.4
2026-04-07,13.0,0.0
2026-04-08,13.4,0.0
2026-04-09,11.4,0.0
2026-04-10,9.2,0.0
2026-04-11,13.8,0.0
2026-04-12,9.8,1.0
2026-04-13,14.7,1.5
2026-04-14,13.8,0.2
2026-04-15,16.7,0.0
2026-04-16,19.8,0.2
2026-04-17,20.3,0.0
2026-04-18,21.5,0.0
2026-04-19,17.7,24.9
2026-04-20,11.3,10.4
2026-04-21,13.0,0.0
2026-04-22,16.5,0.0
2026-04-23,14.8,0.0
2026-04-24,15.4,0.0
2026-04-25,15.2,0.0
2026-04-26,13.7,0.0
2026-04-27,16.6,0.0
2026-04-28,15.3,0.0
2026-04-29,14.5,0.0
2026-04-30,19.9,0.0
2026-05-01,23.8,0.0
2026-05-02,26.3,0.0
2026-05-03,29.3,0.0
2026-05-04,23.0,0.1
2026-05-05,19.4,6.3
2026-05-06,13.1,15.1
2026-05-07,10.6,2.1
2026-05-08,13.3,0.1
2026-05-09,15.6,0.0
2026-05-10,19.8,0.0
2026-05-11,18.2,1.4
2026-05-12,11.8,8.1
2026-05-13,12.6,3.9
2026-05-14,12.3,6.9
2026-05-15,14.8,2.1
2026-05-16,13.7,0.6
2026-05-17,17.0,0.0
2026-05-18,19.5,0.1
2026-05-19,20.3,0.2
2026-05-20,21.4,1.3
2026-05-21,20.9,0.0
2026-05-22,23.0,0.0
2026-05-23,27.9,0.0
2026-05-24,27.8,0.4
2026-05-25,25.6,0.0
2026-05-26,29.2,0.0
2026-05-27,23.0,0.0
2026-05-28,21.1,0.0
2026-05-29,26.8,0.0
2026-05-30,22.4,0.0
2026-05-31,22.7,2.7
