# Weekly influenza detections of the sentinel specimens of Germany (WHO FluNet, ORIGIN_SOURCE = SENTINEL).
# Source: Episerve dataset q4242040001970 (https://data.episerve.zib.de/dataset/q4242040001970), file VIW_FNT.parquet,
#   from the WHO FluMart API, CC BY 4.0.
# samples = SPEC_PROCESSED_NB; A_unsubtyped = ANOTSUBTYPED + ANOTSUBTYPABLE; A_H3N2 = AH3; A_H1N1pdm09 = AH1N12009;
#   B_Victoria = INF_B (all B: B/Yamagata is zero in the whole period, and part of the B detections carry no lineage, so the
#   lineage columns would undercount); influenza_positives = their sum; influenza_positivity_pct derived here.
# All weeks are present, also those without detections. Season changes at ISO week 40.
# Used for the timing and for the subtype split of the import only, never for its level
#   (docs/influenza-multiseasonal.md, sections 4.2, 4.3; assumptions A24, A31).
season,iso_year,iso_week,monday,samples,A_unsubtyped,A_H3N2,A_H1N1pdm09,B_Victoria,influenza_positives,influenza_positivity_pct
2021/22,2022,39,2022-09-26,101,0,5,1,0,6,5.9
2022/23,2022,40,2022-10-03,99,0,12,0,0,12,12.1
2022/23,2022,41,2022-10-10,133,0,16,0,0,16,12.0
2022/23,2022,42,2022-10-17,115,0,17,0,1,18,15.7
2022/23,2022,43,2022-10-24,125,0,25,1,1,27,21.6
2022/23,2022,44,2022-10-31,157,0,26,0,1,27,17.2
2022/23,2022,45,2022-11-07,234,0,64,4,1,69,29.5
2022/23,2022,46,2022-11-14,260,0,70,3,0,73,28.1
2022/23,2022,47,2022-11-21,323,0,113,2,0,115,35.6
2022/23,2022,48,2022-11-28,363,0,178,3,0,181,49.9
2022/23,2022,49,2022-12-05,350,0,199,2,0,201,57.4
2022/23,2022,50,2022-12-12,355,0,183,10,2,195,54.9
2022/23,2022,51,2022-12-19,202,0,105,4,0,109,54.0
2022/23,2022,52,2022-12-26,55,0,23,1,1,25,45.5
2022/23,2023,1,2023-01-02,134,0,17,8,1,26,19.4
2022/23,2023,2,2023-01-09,165,0,9,5,1,15,9.1
2022/23,2023,3,2023-01-16,166,0,4,4,7,15,9.0
2022/23,2023,4,2023-01-23,148,0,3,3,8,14,9.5
2022/23,2023,5,2023-01-30,165,0,3,6,15,24,14.5
2022/23,2023,6,2023-02-06,168,0,1,3,18,22,13.1
2022/23,2023,7,2023-02-13,167,0,1,4,25,30,18.0
2022/23,2023,8,2023-02-20,144,0,0,3,20,23,16.0
2022/23,2023,9,2023-02-27,170,0,0,3,25,28,16.5
2022/23,2023,10,2023-03-06,158,0,0,6,34,40,25.3
2022/23,2023,11,2023-03-13,160,0,0,4,40,44,27.5
2022/23,2023,12,2023-03-20,181,0,0,4,51,55,30.4
2022/23,2023,13,2023-03-27,139,0,0,0,21,21,15.1
2022/23,2023,14,2023-04-03,74,0,0,0,21,21,28.4
2022/23,2023,15,2023-04-10,65,0,0,1,6,7,10.8
2022/23,2023,16,2023-04-17,102,0,0,0,9,9,8.8
2022/23,2023,17,2023-04-24,108,0,0,3,13,16,14.8
2022/23,2023,18,2023-05-01,86,0,0,1,10,11,12.8
2022/23,2023,19,2023-05-08,84,0,0,0,6,6,7.1
2022/23,2023,20,2023-05-15,73,0,0,2,3,5,6.8
2022/23,2023,21,2023-05-22,76,0,0,0,1,1,1.3
2022/23,2023,22,2023-05-29,50,0,0,1,0,1,2.0
2022/23,2023,23,2023-06-05,46,0,0,0,1,1,2.2
2022/23,2023,24,2023-06-12,55,0,0,0,1,1,1.8
2022/23,2023,25,2023-06-19,56,0,0,0,0,0,0.0
2022/23,2023,26,2023-06-26,56,0,0,0,0,0,0.0
2022/23,2023,27,2023-07-03,66,0,0,0,0,0,0.0
2022/23,2023,28,2023-07-10,55,0,0,0,0,0,0.0
2022/23,2023,29,2023-07-17,52,0,0,0,0,0,0.0
2022/23,2023,30,2023-07-24,37,0,0,0,0,0,0.0
2022/23,2023,31,2023-07-31,31,0,0,0,0,0,0.0
2022/23,2023,32,2023-08-07,44,0,1,0,0,1,2.3
2022/23,2023,33,2023-08-14,59,0,1,1,0,2,3.4
2022/23,2023,34,2023-08-21,66,0,0,0,0,0,0.0
2022/23,2023,35,2023-08-28,101,0,0,0,0,0,0.0
2022/23,2023,36,2023-09-04,135,0,1,0,0,1,0.7
2022/23,2023,37,2023-09-11,150,0,1,0,0,1,0.7
2022/23,2023,38,2023-09-18,165,0,1,0,0,1,0.6
2022/23,2023,39,2023-09-25,159,0,0,0,0,0,0.0
2023/24,2023,40,2023-10-02,123,0,1,0,0,1,0.8
2023/24,2023,41,2023-10-09,178,0,2,0,0,2,1.1
2023/24,2023,42,2023-10-16,181,0,0,1,0,1,0.6
2023/24,2023,43,2023-10-23,197,0,0,0,1,1,0.5
2023/24,2023,44,2023-10-30,198,0,1,3,0,4,2.0
2023/24,2023,45,2023-11-06,264,0,0,2,0,2,0.8
2023/24,2023,46,2023-11-13,278,0,0,3,0,3,1.1
2023/24,2023,47,2023-11-20,297,0,0,4,1,5,1.7
2023/24,2023,48,2023-11-27,311,0,3,5,1,9,2.9
2023/24,2023,49,2023-12-04,323,0,2,17,1,20,6.2
2023/24,2023,50,2023-12-11,335,0,2,51,1,54,16.1
2023/24,2023,51,2023-12-18,257,0,0,47,5,52,20.2
2023/24,2023,52,2023-12-25,59,0,2,14,2,18,30.5
2023/24,2024,1,2024-01-01,157,0,1,34,0,35,22.3
2023/24,2024,2,2024-01-08,214,0,3,40,4,47,22.0
2023/24,2024,3,2024-01-15,321,0,8,138,4,150,46.7
2023/24,2024,4,2024-01-22,372,0,4,173,5,182,48.9
2023/24,2024,5,2024-01-29,344,0,3,181,7,191,55.5
2023/24,2024,6,2024-02-05,330,0,4,147,7,158,47.9
2023/24,2024,7,2024-02-12,260,0,6,97,8,111,42.7
2023/24,2024,8,2024-02-19,247,0,2,74,8,84,34.0
2023/24,2024,9,2024-02-26,232,0,3,43,14,60,25.9
2023/24,2024,10,2024-03-04,191,0,4,23,24,51,26.7
2023/24,2024,11,2024-03-11,199,0,1,10,18,29,14.6
2023/24,2024,12,2024-03-18,170,0,0,9,20,29,17.1
2023/24,2024,13,2024-03-25,90,0,0,2,12,14,15.6
2023/24,2024,14,2024-04-01,94,0,0,3,8,11,11.7
2023/24,2024,15,2024-04-08,111,0,1,0,6,7,6.3
2023/24,2024,16,2024-04-15,110,0,0,0,6,6,5.5
2023/24,2024,17,2024-04-22,129,0,0,1,5,6,4.7
2023/24,2024,18,2024-04-29,111,0,0,0,11,11,9.9
2023/24,2024,19,2024-05-06,79,0,0,0,3,3,3.8
2023/24,2024,20,2024-05-13,90,0,0,0,2,2,2.2
2023/24,2024,21,2024-05-20,69,0,0,1,1,2,2.9
2023/24,2024,22,2024-05-27,75,0,1,0,0,1,1.3
2023/24,2024,23,2024-06-03,84,0,0,0,1,1,1.2
2023/24,2024,24,2024-06-10,100,0,0,0,0,0,0.0
2023/24,2024,25,2024-06-17,105,0,0,1,0,1,1.0
2023/24,2024,26,2024-06-24,92,0,0,0,2,2,2.2
2023/24,2024,27,2024-07-01,113,0,1,0,0,1,0.9
2023/24,2024,28,2024-07-08,106,0,0,0,0,0,0.0
2023/24,2024,29,2024-07-15,101,0,0,0,0,0,0.0
2023/24,2024,30,2024-07-22,80,0,0,0,0,0,0.0
2023/24,2024,31,2024-07-29,77,0,0,0,0,0,0.0
2023/24,2024,32,2024-08-05,64,0,0,0,0,0,0.0
2023/24,2024,33,2024-08-12,84,0,0,0,0,0,0.0
2023/24,2024,34,2024-08-19,64,0,0,0,0,0,0.0
2023/24,2024,35,2024-08-26,82,0,0,0,1,1,1.2
2023/24,2024,36,2024-09-02,79,0,0,0,0,0,0.0
2023/24,2024,37,2024-09-09,113,0,0,0,0,0,0.0
2023/24,2024,38,2024-09-16,116,0,0,0,1,1,0.9
2023/24,2024,39,2024-09-23,87,0,0,2,0,2,2.3
2024/25,2024,40,2024-09-30,59,0,0,0,0,0,0.0
2024/25,2024,41,2024-10-07,143,0,0,0,0,0,0.0
2024/25,2024,42,2024-10-14,184,0,1,2,0,3,1.6
2024/25,2024,43,2024-10-21,149,0,0,0,0,0,0.0
2024/25,2024,44,2024-10-28,158,0,0,0,0,0,0.0
2024/25,2024,45,2024-11-04,117,0,0,0,1,1,0.9
2024/25,2024,46,2024-11-11,139,0,0,1,1,2,1.4
2024/25,2024,47,2024-11-18,186,0,0,0,1,1,0.5
2024/25,2024,48,2024-11-25,154,0,2,2,2,6,3.9
2024/25,2024,49,2024-12-02,188,0,2,9,1,12,6.4
2024/25,2024,50,2024-12-09,182,0,2,11,5,18,9.9
2024/25,2024,51,2024-12-16,176,0,0,16,7,23,13.1
2024/25,2024,52,2024-12-23,79,0,2,7,5,14,17.7
2024/25,2025,1,2024-12-30,41,0,1,4,2,7,17.1
2024/25,2025,2,2025-01-06,134,0,1,24,11,36,26.9
2024/25,2025,3,2025-01-13,202,0,14,45,27,86,42.6
2024/25,2025,4,2025-01-20,340,0,17,96,74,187,55.0
2024/25,2025,5,2025-01-27,305,0,19,93,65,177,58.0
2024/25,2025,6,2025-02-03,281,0,11,62,76,149,53.0
2024/25,2025,7,2025-02-10,277,0,8,46,80,134,48.4
2024/25,2025,8,2025-02-17,301,0,7,60,117,184,61.1
2024/25,2025,9,2025-02-24,258,0,13,44,84,141,54.7
2024/25,2025,10,2025-03-03,232,0,13,27,67,107,46.1
2024/25,2025,11,2025-03-10,181,0,9,19,42,70,38.7
2024/25,2025,12,2025-03-17,184,0,9,17,32,58,31.5
2024/25,2025,13,2025-03-24,150,0,12,12,37,61,40.7
2024/25,2025,14,2025-03-31,129,0,5,6,20,31,24.0
2024/25,2025,15,2025-04-07,106,0,2,2,12,16,15.1
2024/25,2025,16,2025-04-14,69,0,1,1,1,3,4.3
2024/25,2025,17,2025-04-21,66,0,3,1,1,5,7.6
2024/25,2025,18,2025-04-28,50,0,0,1,0,1,2.0
2024/25,2025,19,2025-05-05,47,0,0,1,0,1,2.1
2024/25,2025,20,2025-05-12,84,0,0,3,0,3,3.6
2024/25,2025,21,2025-05-19,69,0,0,0,0,0,0.0
2024/25,2025,22,2025-05-26,27,0,0,2,0,2,7.4
2024/25,2025,23,2025-06-02,67,0,0,1,0,1,1.5
2024/25,2025,24,2025-06-09,44,0,0,0,0,0,0.0
2024/25,2025,25,2025-06-16,58,0,0,0,0,0,0.0
2024/25,2025,26,2025-06-23,37,0,0,0,0,0,0.0
2024/25,2025,27,2025-06-30,43,0,0,0,0,0,0.0
2024/25,2025,28,2025-07-07,46,0,0,0,0,0,0.0
2024/25,2025,29,2025-07-14,34,0,0,0,0,0,0.0
2024/25,2025,30,2025-07-21,49,0,0,0,0,0,0.0
2024/25,2025,31,2025-07-28,29,0,1,0,0,1,3.4
2024/25,2025,32,2025-08-04,38,0,0,0,0,0,0.0
2024/25,2025,33,2025-08-11,33,0,0,0,0,0,0.0
2024/25,2025,34,2025-08-18,49,0,0,1,0,1,2.0
2024/25,2025,35,2025-08-25,22,0,0,1,0,1,4.5
2024/25,2025,36,2025-09-01,55,0,0,0,0,0,0.0
2024/25,2025,37,2025-09-08,48,0,0,0,0,0,0.0
2024/25,2025,38,2025-09-15,73,0,0,0,0,0,0.0
2024/25,2025,39,2025-09-22,86,0,0,1,0,1,1.2
2025/26,2025,40,2025-09-29,80,0,0,0,0,0,0.0
2025/26,2025,41,2025-10-06,124,0,0,0,0,0,0.0
2025/26,2025,42,2025-10-13,94,0,2,0,0,2,2.1
2025/26,2025,43,2025-10-20,84,0,1,0,1,2,2.4
2025/26,2025,44,2025-10-27,101,0,1,0,0,1,1.0
2025/26,2025,45,2025-11-03,114,0,1,1,0,2,1.8
2025/26,2025,46,2025-11-10,119,0,1,4,0,5,4.2
2025/26,2025,47,2025-11-17,149,0,4,6,0,10,6.7
2025/26,2025,48,2025-11-24,140,0,8,6,0,14,10.0
2025/26,2025,49,2025-12-01,164,0,23,8,0,31,18.9
2025/26,2025,50,2025-12-08,199,0,47,26,0,73,36.7
2025/26,2025,51,2025-12-15,192,0,56,11,0,67,34.9
2025/26,2025,52,2025-12-22,58,0,19,4,0,23,39.7
2025/26,2026,1,2025-12-29,56,0,17,7,0,24,42.9
2025/26,2026,2,2026-01-05,104,0,39,13,1,53,51.0
2025/26,2026,3,2026-01-12,155,0,65,20,0,85,54.8
2025/26,2026,4,2026-01-19,169,0,71,23,0,94,55.6
2025/26,2026,5,2026-01-26,188,0,72,28,0,100,53.2
2025/26,2026,6,2026-02-02,147,0,62,22,0,84,57.1
2025/26,2026,7,2026-02-09,170,0,50,23,0,73,42.9
2025/26,2026,8,2026-02-16,124,0,29,12,0,41,33.1
2025/26,2026,9,2026-02-23,124,0,22,14,0,36,29.0
2025/26,2026,10,2026-03-02,127,0,16,8,0,24,18.9
2025/26,2026,11,2026-03-09,129,0,6,8,0,14,10.9
2025/26,2026,12,2026-03-16,80,0,3,3,0,6,7.5
2025/26,2026,13,2026-03-23,100,0,2,4,0,6,6.0
2025/26,2026,14,2026-03-30,52,0,0,0,0,0,0.0
2025/26,2026,15,2026-04-06,41,0,2,1,0,3,7.3
2025/26,2026,16,2026-04-13,56,0,0,0,0,0,0.0
2025/26,2026,17,2026-04-20,73,0,0,1,0,1,1.4
2025/26,2026,18,2026-04-27,58,0,0,0,0,0,0.0
2025/26,2026,19,2026-05-04,63,0,1,1,0,2,3.2
2025/26,2026,20,2026-05-11,32,0,0,1,0,1,3.1
2025/26,2026,21,2026-05-18,84,0,0,0,0,0,0.0
2025/26,2026,22,2026-05-25,38,0,0,0,0,0,0.0
2025/26,2026,23,2026-06-01,50,0,0,0,0,0,0.0
2025/26,2026,24,2026-06-08,28,0,0,0,0,0,0.0
2025/26,2026,25,2026-06-15,60,0,0,0,0,0,0.0
2025/26,2026,26,2026-06-22,19,0,0,0,0,0,0.0
2025/26,2026,27,2026-06-29,47,0,0,0,0,0,0.0
2025/26,2026,28,2026-07-06,44,0,0,0,0,0,0.0
2025/26,2026,29,2026-07-13,29,0,0,0,0,0,0.0
2025/26,2026,30,2026-07-20,42,0,1,0,0,1,2.4
2025/26,2026,31,2026-07-27,27,0,0,0,0,0,0.0
2025/26,2026,32,2026-08-03,29,0,0,0,0,0,0.0
2025/26,2026,33,2026-08-10,26,0,0,0,0,0,0.0
2025/26,2026,34,2026-08-17,27,0,0,0,1,1,3.7
2025/26,2026,35,2026-08-24,31,0,0,0,0,0,0.0
2025/26,2026,36,2026-08-31,35,0,0,0,0,0,0.0
2025/26,2026,37,2026-09-07,70,0,1,0,0,1,1.4
2025/26,2026,38,2026-09-14,63,0,1,1,0,2,3.2
