# Number of agents per age (years) in the population of the Berlin multi-season scenario: the 25 % sample of the Berlin population,
#   1,207,780 agents, from the attribute microm:modeled:age of the persons file
#   be_2020-week_snz_entirePopulation_emptyPlans_withDistricts_25pt_split.xml.gz (VSP open-data model, svn.vsp.tu-berlin.de, retrieved 2026-10-01).
# Used to normalise the age tables of the strains to the same mean susceptibility (docs/influenza-multiseasonal.md, decision D16).
age	agents
0	12202
1	12431
2	12157
3	11116
4	11485
5	11020
6	10995
7	10818
8	11406
9	10622
10	10505
11	9647
12	8813
13	9440
14	10213
15	9663
16	9820
17	9566
18	11255
19	11802
20	16263
21	8714
22	13066
23	12262
24	9991
25	20063
26	17970
27	17634
28	17909
29	19366
30	19929
31	17207
32	20084
33	19878
34	18650
35	16755
36	17598
37	17665
38	17508
39	18015
40	14071
41	15373
42	13537
43	15295
44	15396
45	17290
46	17792
47	16745
48	17946
49	18507
50	19108
51	19710
52	21408
53	20541
54	20656
55	17766
56	16986
57	15161
58	17157
59	18194
60	18591
61	12290
62	12926
63	14222
64	12747
65	10978
66	12608
67	10008
68	10531
69	11079
70	12659
71	10980
72	11312
73	13130
74	13492
75	6548
76	5701
77	4492
78	4800
79	5086
80	4958
81	4839
82	5110
83	3908
84	5569
85	5024
86	4827
87	4700
88	4913
89	4673
90	5059
91	4565
92	4481
93	4715
94	5581
95	5494
96	4833
97	4231
98	5978
